Avg_Daily_Usage_Hours,Study_Hours,Physical_Activity_Hours,Sleep_Hours_Per_Night,Mental_Health_Score,Stress_Level
0.5512820512820512,0.3125,0.48780487804878053,0.523809523809524,0.5689655172413794,2
0.5384615384615384,0.42500000000000004,0.41463414634146345,0.5396825396825398,0.48275862068965525,1
0.8589743589743589,0.0875,0.26829268292682934,0.3492063492063492,0.3275862068965517,3
0.5641025641025641,0.325,0.39024390243902446,0.2222222222222222,0.39655172413793105,2
0.8717948717948717,0.0875,0.07317073170731708,0.25396825396825395,0.2586206896551724,3
0.7692307692307692,0.11249999999999999,0.48780487804878053,0.33333333333333337,0.18965517241379315,3
0.21794871794871795,0.4625,0.6097560975609757,0.8730158730158728,0.7586206896551724,0
0.10256410256410256,0.5750000000000001,0.6341463414634148,0.6507936507936507,0.7068965517241379,0
0.4358974358974359,0.5125000000000001,0.5121951219512196,0.523809523809524,0.24137931034482762,2
0.5641025641025641,0.4375,0.48780487804878053,0.4444444444444444,0.5862068965517242,2
0.2948717948717948,0.45,0.39024390243902446,0.746031746031746,0.5344827586206897,0
0.2692307692307692,0.5375,0.34146341463414637,0.73015873015873,0.7586206896551724,1
0.30769230769230765,0.4375,0.34146341463414637,0.5396825396825398,0.6379310344827585,0
0.641025641025641,0.15,0.17073170731707318,0.4444444444444444,0.24137931034482762,2
0.28205128205128205,0.41250000000000003,0.48780487804878053,0.5555555555555554,0.5344827586206897,0
0.423076923076923,0.15,0.7804878048780489,0.6349206349206349,0.6379310344827585,1
0.6538461538461537,0.1875,0.14634146341463417,0.33333333333333337,0.18965517241379315,3
0.7692307692307692,0.2625,0.41463414634146345,0.2857142857142858,0.24137931034482762,3
0.5897435897435896,0.1,0.3658536585365854,0.5555555555555554,0.39655172413793105,2
0.28205128205128205,0.6625,0.6829268292682927,0.7619047619047619,0.6724137931034482,0
0.7692307692307692,0.125,0.39024390243902446,0.3015873015873016,0.18965517241379315,3
0.6794871794871794,0.1875,0.39024390243902446,0.4126984126984127,0.24137931034482762,3
0.8076923076923076,0.1,0.39024390243902446,0.3015873015873016,0.24137931034482762,3
0.8717948717948717,0.0875,0.29268292682926833,0.2857142857142858,0.34482758620689646,3
0.3589743589743589,0.5375,0.3170731707317074,0.6825396825396826,0.5689655172413794,1
0.7692307692307692,0.049999999999999996,0.34146341463414637,0.0793650793650793,0.03448275862068961,3
0.6538461538461537,0.13749999999999998,0.6829268292682927,0.3492063492063492,0.39655172413793105,3
0.28205128205128205,0.41250000000000003,0.41463414634146345,0.523809523809524,0.5862068965517242,0
0.47435897435897434,0.23750000000000002,0.21951219512195125,0.5714285714285714,0.5862068965517242,1
0.1923076923076923,0.7125,0.6341463414634148,0.6349206349206349,0.8448275862068966,1
0.3846153846153846,0.48750000000000004,0.41463414634146345,0.6825396825396826,0.7586206896551724,1
0.3205128205128205,0.4625,0.6341463414634148,0.5714285714285714,0.8448275862068966,1
0.4871794871794871,0.375,0.48780487804878053,0.5714285714285714,0.5172413793103448,2
0.23076923076923073,0.6625,0.6097560975609757,0.5396825396825398,0.7586206896551724,0
0.5384615384615384,0.375,0.26829268292682934,0.4920634920634921,0.39655172413793105,2
0.8846153846153846,0.0875,0.24390243902439027,0.3650793650793651,0.18965517241379315,3
0.6153846153846153,0.35000000000000003,0.39024390243902446,0.33333333333333337,0.4137931034482758,2
0.5256410256410255,0.36250000000000004,0.48780487804878053,0.5873015873015872,0.5862068965517242,2
0.4871794871794871,0.36250000000000004,0.4634146341463415,0.19047619047619047,0.4137931034482758,2
0.5256410256410255,0.375,0.34146341463414637,0.5555555555555554,0.5,1
0.641025641025641,0.24999999999999997,0.26829268292682934,0.1587301587301586,0.4137931034482758,3
0.6153846153846153,0.3125,0.26829268292682934,0.4920634920634921,0.4137931034482758,2
0.9358974358974359,0.1,0.39024390243902446,0.2063492063492064,0.2068965517241379,3
0.1923076923076923,0.65,0.7073170731707318,0.5873015873015872,0.7586206896551724,1
0.5512820512820512,0.23750000000000002,0.41463414634146345,0.4126984126984127,0.5517241379310345,2
0.6923076923076923,0.1,0.4634146341463415,0.4444444444444444,0.27586206896551724,3
0.5897435897435896,0.15,0.3658536585365854,0.33333333333333337,0.17241379310344818,2
0.16666666666666663,0.5125000000000001,0.6097560975609757,0.73015873015873,0.7758620689655171,0
0.8205128205128205,0.0875,0.4390243902439025,0.25396825396825395,0.18965517241379315,3
0.6666666666666666,0.13749999999999998,0.3170731707317074,0.11111111111111105,0.10344827586206906,3
0.23076923076923073,0.5625,0.5365853658536587,0.7777777777777777,0.8793103448275861,0
0.4871794871794871,0.4,0.5121951219512196,0.5714285714285714,0.7586206896551724,1
0.6282051282051282,0.3125,0.3658536585365854,0.3015873015873016,0.12068965517241381,3
0.5897435897435896,0.36250000000000004,0.17073170731707318,0.46031746031746024,0.5,1
0.8846153846153846,0.0875,0.3170731707317074,0.1269841269841271,0.24137931034482762,3
0.6282051282051282,0.15,0.26829268292682934,0.33333333333333337,0.39655172413793105,3
0.7051282051282051,0.0875,0.5121951219512196,0.31746031746031733,0.17241379310344818,2
0.8076923076923076,0.0875,0.07317073170731708,0.23809523809523803,0.08620689655172409,3
0.8076923076923076,0.0875,0.21951219512195125,0.2857142857142858,0.2586206896551724,3
0.8846153846153846,0.07500000000000001,0.0,0.23809523809523803,0.08620689655172409,3
0.6282051282051282,0.3875,0.19512195121951223,0.4920634920634921,0.4137931034482758,1
0.46153846153846145,0.41250000000000003,0.34146341463414637,0.4444444444444444,0.5517241379310345,2
0.28205128205128205,0.5875,0.4634146341463415,0.7142857142857142,0.8103448275862071,0
0.17948717948717946,0.5750000000000001,0.6097560975609757,0.5714285714285714,0.8620689655172413,0
0.5897435897435896,0.24999999999999997,0.41463414634146345,0.31746031746031733,0.24137931034482762,2
0.641025641025641,0.1875,0.5121951219512196,0.38095238095238093,0.36206896551724144,2
0.46153846153846145,0.5375,0.5609756097560976,0.523809523809524,0.603448275862069,1
0.14102564102564102,0.55,0.6097560975609757,0.746031746031746,0.8620689655172413,0
0.46153846153846145,0.55,0.4634146341463415,0.4126984126984127,0.4482758620689655,2
0.3589743589743589,0.4625,0.3170731707317074,0.7142857142857142,0.4482758620689655,2
0.46153846153846145,0.28750000000000003,0.34146341463414637,0.39682539682539675,0.5344827586206897,2
0.7435897435897435,0.0875,0.21951219512195125,0.2857142857142858,0.13793103448275867,3
0.5128205128205128,0.475,0.41463414634146345,0.38095238095238093,0.4482758620689655,2
0.24358974358974356,0.6125,0.6341463414634148,0.6825396825396826,0.6379310344827585,0
0.6794871794871794,0.0875,0.12195121951219513,0.19047619047619047,0.24137931034482762,3
0.5256410256410255,0.175,0.5365853658536587,0.46031746031746024,0.5689655172413794,2
0.3333333333333333,0.5,0.4634146341463415,0.523809523809524,0.603448275862069,3
0.7051282051282051,0.0625,0.5121951219512196,0.3650793650793651,0.293103448275862,3
0.14102564102564102,0.65,0.7073170731707318,0.6349206349206349,0.7068965517241379,1
0.5512820512820512,0.24999999999999997,0.29268292682926833,0.5555555555555554,0.3793103448275862,1
0.6282051282051282,0.24999999999999997,0.34146341463414637,0.38095238095238093,0.2586206896551724,2
0.4487179487179487,0.4375,0.4634146341463415,0.6507936507936507,0.4137931034482758,1
0.20512820512820512,0.5750000000000001,0.4390243902439025,0.6031746031746033,0.9482758620689653,2
0.5512820512820512,0.3875,0.6829268292682927,0.5555555555555554,0.5172413793103448,2
0.7820512820512819,0.0875,0.29268292682926833,0.3015873015873016,0.13793103448275867,3
0.4358974358974359,0.35000000000000003,0.6097560975609757,0.3650793650793651,0.4137931034482758,2
0.8974358974358974,0.0875,0.0,0.19047619047619047,0.22413793103448287,3
0.423076923076923,0.35000000000000003,0.5365853658536587,0.3650793650793651,0.4137931034482758,2
0.7051282051282051,0.1875,0.3170731707317074,0.1428571428571428,0.10344827586206906,3
0.47435897435897434,0.375,0.4634146341463415,0.46031746031746024,0.603448275862069,2
0.7820512820512819,0.2125,0.34146341463414637,0.1587301587301586,0.293103448275862,3
0.6794871794871794,0.23750000000000002,0.4634146341463415,0.47619047619047605,0.36206896551724144,2
0.5512820512820512,0.19999999999999998,0.41463414634146345,0.5396825396825398,0.5517241379310345,1
0.9615384615384615,0.07500000000000001,0.19512195121951223,0.17460317460317465,0.31034482758620696,3
0.423076923076923,0.55,0.5365853658536587,0.5555555555555554,0.43103448275862055,2
0.3846153846153846,0.45,0.3170731707317074,0.6507936507936507,0.5517241379310345,2
0.9487179487179487,0.125,0.24390243902439027,0.3492063492063492,0.24137931034482762,3
0.7564102564102564,0.0875,0.34146341463414637,0.3650793650793651,0.22413793103448287,3
0.3589743589743589,0.45,0.6585365853658538,0.7619047619047619,0.6206896551724137,1
0.6025641025641025,0.30000000000000004,0.41463414634146345,0.5873015873015872,0.5689655172413794,2
0.34615384615384615,0.5375,0.34146341463414637,0.6825396825396826,0.7931034482758619,1
0.7307692307692307,0.24999999999999997,0.39024390243902446,0.33333333333333337,0.24137931034482762,3
0.3589743589743589,0.6,0.3170731707317074,0.4285714285714285,0.5862068965517242,2
0.2564102564102564,0.5875,0.6341463414634148,0.6190476190476191,0.96551724137931,1
0.846153846153846,0.0875,0.29268292682926833,0.3650793650793651,0.08620689655172409,3
0.8076923076923076,0.0875,0.41463414634146345,0.3492063492063492,0.34482758620689646,2
0.5,0.48750000000000004,0.6585365853658538,0.38095238095238093,0.4655172413793103,2
0.5,0.0625,0.48780487804878053,0.4920634920634921,0.4137931034482758,2
0.5641025641025641,0.2125,0.17073170731707318,0.5873015873015872,0.4655172413793103,1
0.6025641025641025,0.23750000000000002,0.21951219512195125,0.33333333333333337,0.4137931034482758,3
0.6025641025641025,0.2125,0.34146341463414637,0.5873015873015872,0.24137931034482762,2
0.9230769230769229,0.0875,0.14634146341463417,0.38095238095238093,0.36206896551724144,3
0.5128205128205128,0.28750000000000003,0.04878048780487806,0.7777777777777777,0.5862068965517242,1
0.23076923076923073,0.5625,0.4634146341463415,0.73015873015873,0.6379310344827585,1
0.4487179487179487,0.4625,0.29268292682926833,0.3650793650793651,0.4655172413793103,1
0.4871794871794871,0.42500000000000004,0.48780487804878053,0.5396825396825398,0.5172413793103448,1
0.6666666666666666,0.15,0.09756097560975611,0.38095238095238093,0.22413793103448287,3
0.7948717948717948,0.1,0.3658536585365854,0.4126984126984127,0.293103448275862,3
0.7435897435897435,0.1,0.3170731707317074,0.3650793650793651,0.06896551724137934,3
0.37179487179487175,0.6125,0.4634146341463415,0.8730158730158728,0.3793103448275862,0
0.14102564102564102,0.7000000000000001,0.4634146341463415,0.8253968253968256,0.5862068965517242,0
0.4487179487179487,0.5375,0.5365853658536587,0.4920634920634921,0.5689655172413794,1
0.4358974358974359,0.225,0.3170731707317074,0.5714285714285714,0.6551724137931034,2
0.14102564102564102,0.7000000000000001,0.6097560975609757,0.6984126984126984,0.6206896551724137,0
0.5897435897435896,0.24999999999999997,0.5365853658536587,0.4920634920634921,0.4137931034482758,2
0.7820512820512819,0.0875,0.26829268292682934,0.25396825396825395,0.22413793103448287,3
0.5384615384615384,0.325,0.5609756097560976,0.4285714285714285,0.5517241379310345,1
0.8333333333333333,0.0875,0.19512195121951223,0.3492063492063492,0.17241379310344818,3
0.423076923076923,0.525,0.6097560975609757,0.5555555555555554,0.24137931034482762,2
0.47435897435897434,0.28750000000000003,0.4390243902439025,0.47619047619047605,0.293103448275862,2
0.20512820512820512,0.8,0.6341463414634148,0.6666666666666665,0.896551724137931,0
0.2948717948717948,0.6125,0.4390243902439025,0.6031746031746033,0.603448275862069,0
0.1282051282051282,0.8375,0.8048780487804879,0.523809523809524,0.896551724137931,0
0.8205128205128205,0.11249999999999999,0.3170731707317074,0.2222222222222222,0.2068965517241379,3
0.46153846153846145,0.325,0.3658536585365854,0.6031746031746033,0.4482758620689655,2
0.9615384615384615,0.0625,0.12195121951219513,0.3492063492063492,0.39655172413793105,3
0.5641025641025641,0.11249999999999999,0.3658536585365854,0.4285714285714285,0.43103448275862055,2
0.34615384615384615,0.5625,0.5365853658536587,0.7619047619047619,0.5862068965517242,1
0.8974358974358974,0.0625,0.17073170731707318,0.3015873015873016,0.27586206896551724,3
0.641025641025641,0.15,0.41463414634146345,0.2222222222222222,0.4137931034482758,3
0.2948717948717948,0.475,0.3658536585365854,0.857142857142857,0.7586206896551724,1
0.6794871794871794,0.0875,0.29268292682926833,0.39682539682539675,0.27586206896551724,3
0.6025641025641025,0.1625,0.26829268292682934,0.46031746031746024,0.36206896551724144,2
0.39743589743589736,0.42500000000000004,0.6829268292682927,0.6825396825396826,0.5344827586206897,2
0.7692307692307692,0.07500000000000001,0.26829268292682934,0.25396825396825395,0.22413793103448287,3
0.14102564102564102,0.5875,0.7073170731707318,0.6825396825396826,0.5344827586206897,0
0.3205128205128205,0.2625,0.5853658536585367,0.7619047619047619,0.5862068965517242,0
0.7051282051282051,0.0875,0.26829268292682934,0.3492063492063492,0.051724137931034475,3
0.5256410256410255,0.28750000000000003,0.3658536585365854,0.31746031746031733,0.4482758620689655,2
0.6153846153846153,0.2625,0.3170731707317074,0.4444444444444444,0.39655172413793105,2
0.28205128205128205,0.475,0.26829268292682934,0.7777777777777777,0.4482758620689655,2
0.4358974358974359,0.1875,0.5121951219512196,0.5396825396825398,0.6206896551724137,2
0.5128205128205128,0.175,0.4390243902439025,0.5555555555555554,0.4482758620689655,2
0.37179487179487175,0.55,0.7317073170731708,0.6349206349206349,0.8103448275862071,1
0.47435897435897434,0.28750000000000003,0.4634146341463415,0.4920634920634921,0.4482758620689655,2
0.10256410256410256,0.675,0.8292682926829269,0.5555555555555554,0.7931034482758619,1
0.1282051282051282,0.8,0.7804878048780489,0.5555555555555554,0.9310344827586206,0
0.21794871794871795,0.625,0.7073170731707318,0.8095238095238093,0.7586206896551724,1
0.5256410256410255,0.0875,0.48780487804878053,0.47619047619047605,0.4137931034482758,2
0.7820512820512819,0.0875,0.3170731707317074,0.23809523809523803,0.4137931034482758,3
0.3846153846153846,0.48750000000000004,0.39024390243902446,0.5555555555555554,0.6379310344827585,1
0.6025641025641025,0.23750000000000002,0.48780487804878053,0.3650793650793651,0.34482758620689646,3
0.846153846153846,0.0875,0.21951219512195125,0.26984126984126977,0.24137931034482762,3
0.9230769230769229,0.0875,0.26829268292682934,0.1587301587301586,0.08620689655172409,3
0.8333333333333333,0.0875,0.04878048780487806,0.38095238095238093,0.08620689655172409,3
0.47435897435897434,0.23750000000000002,0.6097560975609757,0.6190476190476191,0.4137931034482758,2
0.34615384615384615,0.65,0.5365853658536587,0.8730158730158728,0.8620689655172413,1
0.5897435897435896,0.225,0.5121951219512196,0.5079365079365079,0.3793103448275862,2
0.47435897435897434,0.5875,0.39024390243902446,0.5555555555555554,0.4137931034482758,2
0.7820512820512819,0.11249999999999999,0.09756097560975611,0.17460317460317465,0.08620689655172409,3
0.41025641025641024,0.4375,0.41463414634146345,0.6190476190476191,0.603448275862069,2
0.39743589743589736,0.48750000000000004,0.6829268292682927,0.3492063492063492,0.4655172413793103,1
0.423076923076923,0.5875,0.48780487804878053,0.6666666666666665,0.7413793103448276,1
0.5641025641025641,0.23750000000000002,0.3658536585365854,0.5079365079365079,0.5344827586206897,2
0.21794871794871795,0.525,0.6585365853658538,0.7936507936507935,0.6724137931034482,0
0.3846153846153846,0.525,0.6585365853658538,0.4126984126984127,0.48275862068965525,2
0.8076923076923076,0.07500000000000001,0.4390243902439025,0.2063492063492064,0.34482758620689646,3
0.3333333333333333,0.6125,0.5853658536585367,0.6984126984126984,0.7241379310344827,1
0.5256410256410255,0.2625,0.41463414634146345,0.5396825396825398,0.5862068965517242,1
0.4487179487179487,0.36250000000000004,0.4390243902439025,0.7936507936507935,0.5862068965517242,1
0.9358974358974359,0.0875,0.14634146341463417,0.17460317460317465,0.24137931034482762,3
0.5256410256410255,0.35000000000000003,0.7073170731707318,0.26984126984126977,0.4137931034482758,3
0.5128205128205128,0.1875,0.41463414634146345,0.5396825396825398,0.43103448275862055,2
0.37179487179487175,0.41250000000000003,0.6097560975609757,0.7619047619047619,0.39655172413793105,1
0.16666666666666663,0.7375,0.5609756097560976,0.7142857142857142,0.603448275862069,0
0.6538461538461537,0.35000000000000003,0.3170731707317074,0.4444444444444444,0.39655172413793105,2
0.4358974358974359,0.3875,0.8048780487804879,0.6031746031746033,0.7586206896551724,1
0.4358974358974359,0.5375,0.48780487804878053,0.6031746031746033,0.5862068965517242,2
0.7179487179487178,0.0875,0.5121951219512196,0.25396825396825395,0.27586206896551724,3
0.16666666666666663,0.5,0.48780487804878053,0.5873015873015872,0.5689655172413794,0
0.6282051282051282,0.15,0.48780487804878053,0.39682539682539675,0.2068965517241379,3
0.3205128205128205,0.6375000000000001,0.6585365853658538,0.6666666666666665,0.6206896551724137,1
0.7051282051282051,0.225,0.19512195121951223,0.38095238095238093,0.31034482758620696,3
0.34615384615384615,0.5750000000000001,0.5121951219512196,0.47619047619047605,0.5862068965517242,2
0.6025641025641025,0.2625,0.3170731707317074,0.5079365079365079,0.4137931034482758,2
0.8333333333333333,0.1625,0.0,0.33333333333333337,0.15517241379310343,3
0.5769230769230769,0.325,0.3170731707317074,0.3650793650793651,0.4137931034482758,2
0.6153846153846153,0.48750000000000004,0.3170731707317074,0.5714285714285714,0.5172413793103448,1
0.6538461538461537,0.3125,0.5365853658536587,0.1428571428571428,0.36206896551724144,3
0.5384615384615384,0.3125,0.4390243902439025,0.4126984126984127,0.36206896551724144,3
0.46153846153846145,0.5875,0.6097560975609757,0.47619047619047605,0.4655172413793103,2
0.3333333333333333,0.6125,0.5609756097560976,0.7936507936507935,0.4137931034482758,0
0.30769230769230765,0.6125,0.4390243902439025,0.5714285714285714,0.5517241379310345,0
0.4487179487179487,0.48750000000000004,0.4390243902439025,0.39682539682539675,0.3793103448275862,2
0.28205128205128205,0.48750000000000004,0.7560975609756099,0.7777777777777777,0.7241379310344827,0
0.3333333333333333,0.42500000000000004,0.34146341463414637,0.7142857142857142,0.6206896551724137,1
0.7820512820512819,0.0875,0.14634146341463417,0.3650793650793651,0.18965517241379315,3
0.6153846153846153,0.4,0.29268292682926833,0.33333333333333337,0.2068965517241379,3
0.17948717948717946,0.475,0.5853658536585367,0.9523809523809523,0.7758620689655171,0
0.8205128205128205,0.11249999999999999,0.09756097560975611,0.31746031746031733,0.24137931034482762,3
0.8333333333333333,0.07500000000000001,0.26829268292682934,0.39682539682539675,0.27586206896551724,3
0.4871794871794871,0.19999999999999998,0.6829268292682927,0.5873015873015872,0.5862068965517242,1
0.641025641025641,0.24999999999999997,0.41463414634146345,0.3492063492063492,0.24137931034482762,3
0.3205128205128205,0.65,0.6341463414634148,0.7142857142857142,0.7931034482758619,1
0.6923076923076923,0.125,0.3658536585365854,0.26984126984126977,0.39655172413793105,3
0.34615384615384615,0.525,0.3170731707317074,0.5396825396825398,0.5862068965517242,1
0.37179487179487175,0.4375,0.7317073170731708,0.746031746031746,0.7068965517241379,1
0.4487179487179487,0.3125,0.5121951219512196,0.6031746031746033,0.5862068965517242,2
0.7692307692307692,0.0875,0.41463414634146345,0.1428571428571428,0.39655172413793105,3
0.5769230769230769,0.175,0.4390243902439025,0.4920634920634921,0.6206896551724137,1
0.641025641025641,0.24999999999999997,0.29268292682926833,0.3650793650793651,0.08620689655172409,2
0.5641025641025641,0.3125,0.34146341463414637,0.4920634920634921,0.4137931034482758,2
0.4487179487179487,0.225,0.26829268292682934,0.6031746031746033,0.7758620689655171,2
0.14102564102564102,0.7875,0.6829268292682927,0.6507936507936507,0.7931034482758619,0
0.21794871794871795,0.6375000000000001,0.5853658536585367,0.7936507936507935,0.7241379310344827,1
0.5128205128205128,0.36250000000000004,0.3658536585365854,0.4285714285714285,0.48275862068965525,1
0.6666666666666666,0.2625,0.3170731707317074,0.17460317460317465,0.12068965517241381,3
0.2564102564102564,0.7000000000000001,0.6585365853658538,0.7936507936507935,0.7068965517241379,0
0.6025641025641025,0.19999999999999998,0.3658536585365854,0.47619047619047605,0.5862068965517242,2
0.2692307692307692,0.42500000000000004,0.48780487804878053,0.6190476190476191,0.9137931034482758,1
0.4487179487179487,0.3875,0.4634146341463415,0.2857142857142858,0.4655172413793103,2
0.39743589743589736,0.30000000000000004,0.6097560975609757,0.6031746031746033,0.5172413793103448,2
0.7435897435897435,0.13749999999999998,0.3658536585365854,0.33333333333333337,0.13793103448275867,3
0.4487179487179487,0.2125,0.3658536585365854,0.5873015873015872,0.4482758620689655,2
0.3205128205128205,0.375,0.8048780487804879,0.5555555555555554,0.7413793103448276,0
0.6794871794871794,0.15,0.4390243902439025,0.19047619047619047,0.06896551724137934,3
0.6025641025641025,0.1875,0.48780487804878053,0.47619047619047605,0.5,3
0.21794871794871795,0.5750000000000001,0.6341463414634148,0.6507936507936507,0.7586206896551724,1
1.0,0.0875,0.17073170731707318,0.33333333333333337,0.2586206896551724,3
0.5769230769230769,0.15,0.5121951219512196,0.5079365079365079,0.2586206896551724,2
0.8846153846153846,0.175,0.0,0.3492063492063492,0.08620689655172409,3
0.46153846153846145,0.5750000000000001,0.5609756097560976,0.5079365079365079,0.5,2
0.6153846153846153,0.1625,0.5609756097560976,0.1269841269841271,0.10344827586206906,3
0.641025641025641,0.11249999999999999,0.3170731707317074,0.38095238095238093,0.27586206896551724,3
0.3205128205128205,0.4625,0.6585365853658538,0.47619047619047605,0.6379310344827585,1
0.1282051282051282,0.75,0.5121951219512196,0.73015873015873,0.603448275862069,0
0.41025641025641024,0.42500000000000004,0.4390243902439025,0.4126984126984127,0.5,2
0.4487179487179487,0.42500000000000004,0.5121951219512196,0.39682539682539675,0.4655172413793103,1
0.23076923076923073,0.6125,0.6585365853658538,0.857142857142857,0.6379310344827585,0
0.47435897435897434,0.325,0.4634146341463415,0.1428571428571428,0.4137931034482758,2
0.1923076923076923,0.5375,0.48780487804878053,0.6190476190476191,0.7758620689655171,1
0.4487179487179487,0.42500000000000004,0.5853658536585367,0.6190476190476191,0.7586206896551724,1
0.5769230769230769,0.19999999999999998,0.5121951219512196,0.38095238095238093,0.24137931034482762,2
0.5641025641025641,0.48750000000000004,0.39024390243902446,0.33333333333333337,0.24137931034482762,2
0.7051282051282051,0.275,0.5609756097560976,0.2857142857142858,0.10344827586206906,3
0.5128205128205128,0.28750000000000003,0.5609756097560976,0.523809523809524,0.4137931034482758,2
0.3846153846153846,0.525,0.3658536585365854,0.5714285714285714,0.6206896551724137,1
0.5,0.1625,0.41463414634146345,0.5396825396825398,0.5344827586206897,2
0.7692307692307692,0.125,0.39024390243902446,0.4126984126984127,0.24137931034482762,3
0.8076923076923076,0.049999999999999996,0.19512195121951223,0.3015873015873016,0.18965517241379315,3
0.7307692307692307,0.1875,0.48780487804878053,0.1587301587301586,0.18965517241379315,3
0.6794871794871794,0.19999999999999998,0.4390243902439025,0.4920634920634921,0.5,2
0.4487179487179487,0.30000000000000004,0.6341463414634148,0.6666666666666665,0.5862068965517242,2
0.39743589743589736,0.525,0.34146341463414637,0.46031746031746024,0.43103448275862055,1
0.5897435897435896,0.23750000000000002,0.21951219512195125,0.4920634920634921,0.4482758620689655,2
0.2948717948717948,0.5375,0.5609756097560976,0.746031746031746,0.603448275862069,1
0.6282051282051282,0.28750000000000003,0.5609756097560976,0.5396825396825398,0.43103448275862055,2
0.47435897435897434,0.28750000000000003,0.48780487804878053,0.3492063492063492,0.4137931034482758,3
0.3589743589743589,0.375,0.48780487804878053,0.7142857142857142,0.5862068965517242,1
0.6923076923076923,0.1875,0.41463414634146345,0.3492063492063492,0.43103448275862055,3
0.28205128205128205,0.4625,0.5365853658536587,0.47619047619047605,0.5689655172413794,1
0.5769230769230769,0.175,0.26829268292682934,0.5873015873015872,0.5689655172413794,2
0.34615384615384615,0.42500000000000004,0.3170731707317074,0.5555555555555554,0.5344827586206897,1
0.2564102564102564,0.525,0.5365853658536587,0.8412698412698414,0.5689655172413794,1
0.423076923076923,0.475,0.6585365853658538,0.6507936507936507,0.5862068965517242,2
0.7692307692307692,0.125,0.09756097560975611,0.25396825396825395,0.22413793103448287,3
0.5128205128205128,0.24999999999999997,0.48780487804878053,0.46031746031746024,0.5517241379310345,2
0.46153846153846145,0.41250000000000003,0.41463414634146345,0.38095238095238093,0.43103448275862055,2
0.5897435897435896,0.11249999999999999,0.3170731707317074,0.5079365079365079,0.4137931034482758,2
0.23076923076923073,0.5875,0.48780487804878053,0.5714285714285714,0.7586206896551724,0
0.6794871794871794,0.11249999999999999,0.19512195121951223,0.4285714285714285,0.43103448275862055,3
0.6153846153846153,0.11249999999999999,0.5609756097560976,0.4920634920634921,0.5,2
0.3846153846153846,0.35000000000000003,0.6829268292682927,0.6825396825396826,0.5517241379310345,1
0.6923076923076923,0.24999999999999997,0.6097560975609757,0.2222222222222222,0.22413793103448287,3
0.11538461538461536,0.775,0.6585365853658538,0.8095238095238093,0.7758620689655171,0
0.21794871794871795,0.625,0.6097560975609757,0.8730158730158728,0.7586206896551724,0
0.6794871794871794,0.0625,0.34146341463414637,0.3015873015873016,0.15517241379310343,3
0.641025641025641,0.23750000000000002,0.4634146341463415,0.38095238095238093,0.31034482758620696,2
0.07692307692307693,0.7125,0.6585365853658538,0.8412698412698414,0.6551724137931034,0
0.47435897435897434,0.42500000000000004,0.6585365853658538,0.6031746031746033,0.5862068965517242,1
0.5769230769230769,0.1875,0.3170731707317074,0.46031746031746024,0.4655172413793103,2
0.7051282051282051,0.0875,0.4390243902439025,0.4285714285714285,0.24137931034482762,3
0.34615384615384615,0.42500000000000004,0.7073170731707318,0.746031746031746,0.7586206896551724,1
0.2564102564102564,0.525,0.3658536585365854,0.7777777777777777,0.7241379310344827,1
0.423076923076923,0.475,0.26829268292682934,0.6825396825396826,0.5862068965517242,0
0.3589743589743589,0.55,0.7560975609756099,0.8095238095238093,0.7068965517241379,0
0.2948717948717948,0.5750000000000001,0.6341463414634148,0.8253968253968256,0.9310344827586206,0
0.5512820512820512,0.1875,0.5365853658536587,0.5873015873015872,0.4482758620689655,2
0.4358974358974359,0.35000000000000003,0.41463414634146345,0.4126984126984127,0.5689655172413794,2
0.5897435897435896,0.11249999999999999,0.48780487804878053,0.523809523809524,0.5172413793103448,2
0.6538461538461537,0.175,0.34146341463414637,0.39682539682539675,0.2586206896551724,3
0.30769230769230765,0.5375,0.7073170731707318,0.7936507936507935,0.7586206896551724,1
0.4871794871794871,0.23750000000000002,0.19512195121951223,0.4920634920634921,0.43103448275862055,2
0.6282051282051282,0.3125,0.3170731707317074,0.38095238095238093,0.22413793103448287,2
0.47435897435897434,0.2625,0.5121951219512196,0.5396825396825398,0.48275862068965525,1
0.41025641025641024,0.3375,0.5365853658536587,0.6190476190476191,0.7586206896551724,1
0.34615384615384615,0.5125000000000001,0.5365853658536587,0.7619047619047619,0.7241379310344827,1
0.7820512820512819,0.3875,0.21951219512195125,0.3015873015873016,0.2068965517241379,3
0.7820512820512819,0.0875,0.21951219512195125,0.39682539682539675,0.08620689655172409,3
0.641025641025641,0.24999999999999997,0.878048780487805,0.3015873015873016,0.34482758620689646,2
0.3205128205128205,0.675,0.6585365853658538,0.5714285714285714,0.6379310344827585,1
0.47435897435897434,0.3375,0.3658536585365854,0.47619047619047605,0.5517241379310345,2
0.5897435897435896,0.2625,0.26829268292682934,0.46031746031746024,0.2586206896551724,2
0.846153846153846,0.125,0.14634146341463417,0.33333333333333337,0.12068965517241381,3
0.6923076923076923,0.125,0.29268292682926833,0.3015873015873016,0.12068965517241381,3
0.2948717948717948,0.675,0.7317073170731708,0.6984126984126984,0.896551724137931,1
0.4487179487179487,0.3375,0.48780487804878053,0.47619047619047605,0.5517241379310345,2
0.423076923076923,0.4625,0.48780487804878053,0.6825396825396826,0.4655172413793103,1
0.37179487179487175,0.41250000000000003,0.29268292682926833,0.5873015873015872,0.5689655172413794,1
0.6282051282051282,0.1875,0.29268292682926833,0.19047619047619047,0.31034482758620696,2
0.34615384615384615,0.7375,0.7073170731707318,0.6031746031746033,0.5344827586206897,0
0.5384615384615384,0.3125,0.5609756097560976,0.46031746031746024,0.4137931034482758,2
0.7179487179487178,0.2125,0.3170731707317074,0.4285714285714285,0.24137931034482762,3
0.5128205128205128,0.375,0.39024390243902446,0.5714285714285714,0.4482758620689655,1
0.4871794871794871,0.275,0.4634146341463415,0.5714285714285714,0.5862068965517242,1
0.08974358974358973,0.675,0.5853658536585367,0.7619047619047619,0.6551724137931034,0
0.8076923076923076,0.1,0.21951219512195125,0.3650793650793651,0.12068965517241381,3
0.423076923076923,0.30000000000000004,0.5853658536585367,0.6190476190476191,0.7586206896551724,1
0.7564102564102564,0.0875,0.34146341463414637,0.39682539682539675,0.24137931034482762,3
0.6794871794871794,0.2125,0.29268292682926833,0.31746031746031733,0.43103448275862055,3
0.7692307692307692,0.049999999999999996,0.21951219512195125,0.33333333333333337,0.06896551724137934,3
0.07692307692307693,0.9,0.8048780487804879,0.73015873015873,0.8620689655172413,0
0.6538461538461537,0.13749999999999998,0.26829268292682934,0.38095238095238093,0.08620689655172409,3
0.9358974358974359,0.125,0.24390243902439027,0.38095238095238093,0.12068965517241381,3
0.41025641025641024,0.375,0.3170731707317074,0.5079365079365079,0.5,2
0.37179487179487175,0.5375,0.5609756097560976,0.7777777777777777,0.3793103448275862,1
0.3846153846153846,0.5,0.4390243902439025,0.6825396825396826,0.7758620689655171,1
0.6153846153846153,0.225,0.5853658536585367,0.47619047619047605,0.43103448275862055,2
0.7564102564102564,0.1875,0.34146341463414637,0.19047619047619047,0.03448275862068961,3
0.5256410256410255,0.48750000000000004,0.29268292682926833,0.5873015873015872,0.5689655172413794,1
0.5384615384615384,0.2125,0.7560975609756099,0.523809523809524,0.2586206896551724,2
0.47435897435897434,0.42500000000000004,0.39024390243902446,0.6031746031746033,0.5689655172413794,1
0.47435897435897434,0.2125,0.4634146341463415,0.5714285714285714,0.4137931034482758,1
0.4871794871794871,0.28750000000000003,0.5121951219512196,0.47619047619047605,0.24137931034482762,2
0.37179487179487175,0.475,0.4390243902439025,0.8253968253968256,0.7068965517241379,0
0.11538461538461536,0.75,0.7560975609756099,0.7619047619047619,0.7758620689655171,0
0.47435897435897434,0.3875,0.48780487804878053,0.3492063492063492,0.4137931034482758,2
0.5128205128205128,0.325,0.5121951219512196,0.6190476190476191,0.5517241379310345,2
0.3205128205128205,0.375,0.7804878048780489,0.5714285714285714,0.7931034482758619,0
0.7435897435897435,0.1875,0.29268292682926833,0.31746031746031733,0.36206896551724144,3
0.7179487179487178,0.0875,0.6097560975609757,0.2222222222222222,0.22413793103448287,3
0.9230769230769229,0.049999999999999996,0.41463414634146345,0.3650793650793651,0.18965517241379315,3
0.4358974358974359,0.36250000000000004,0.41463414634146345,0.6031746031746033,0.24137931034482762,1
0.5512820512820512,0.24999999999999997,0.3170731707317074,0.5079365079365079,0.48275862068965525,2
0.24358974358974356,0.6375000000000001,0.4390243902439025,0.73015873015873,0.6724137931034482,0
0.423076923076923,0.375,0.5609756097560976,0.5555555555555554,0.603448275862069,1
0.5128205128205128,0.2625,0.24390243902439027,0.23809523809523803,0.4137931034482758,2
0.08974358974358973,0.75,0.7073170731707318,0.8095238095238093,0.7586206896551724,0
0.5769230769230769,0.35000000000000003,0.48780487804878053,0.5555555555555554,0.5862068965517242,1
0.24358974358974356,0.7625000000000001,0.39024390243902446,0.5555555555555554,0.896551724137931,1
0.5897435897435896,0.3375,0.14634146341463417,0.2857142857142858,0.4655172413793103,2
0.6153846153846153,0.19999999999999998,0.26829268292682934,0.3492063492063492,0.4137931034482758,2
0.5256410256410255,0.48750000000000004,0.4390243902439025,0.5555555555555554,0.5862068965517242,1
0.47435897435897434,0.55,0.4390243902439025,0.31746031746031733,0.43103448275862055,2
0.17948717948717946,0.41250000000000003,0.4634146341463415,0.5555555555555554,0.96551724137931,0
0.8076923076923076,0.07500000000000001,0.3170731707317074,0.31746031746031733,0.31034482758620696,3
0.8717948717948717,0.0875,0.21951219512195125,0.26984126984126977,0.13793103448275867,3
0.24358974358974356,0.4625,0.5853658536585367,0.8412698412698414,0.7586206896551724,0
0.7948717948717948,0.11249999999999999,0.34146341463414637,0.4126984126984127,0.06896551724137934,3
0.47435897435897434,0.41250000000000003,0.3658536585365854,0.523809523809524,0.5689655172413794,1
0.5897435897435896,0.225,0.3658536585365854,0.2857142857142858,0.15517241379310343,2
0.6025641025641025,0.11249999999999999,0.24390243902439027,0.2857142857142858,0.24137931034482762,2
0.4487179487179487,0.4375,0.5121951219512196,0.5079365079365079,0.31034482758620696,2
0.3589743589743589,0.45,0.6585365853658538,0.5079365079365079,0.5689655172413794,1
0.37179487179487175,0.2625,0.4390243902439025,0.4285714285714285,0.5,2
0.39743589743589736,0.3875,0.41463414634146345,0.7619047619047619,0.5689655172413794,2
0.41025641025641024,0.225,0.4390243902439025,0.6349206349206349,0.4137931034482758,2
0.7179487179487178,0.2125,0.19512195121951223,0.17460317460317465,0.12068965517241381,3
0.5256410256410255,0.30000000000000004,0.3170731707317074,0.19047619047619047,0.43103448275862055,2
0.4871794871794871,0.4625,0.41463414634146345,0.4444444444444444,0.48275862068965525,2
0.41025641025641024,0.30000000000000004,0.3658536585365854,0.6984126984126984,0.4137931034482758,2
0.6025641025641025,0.275,0.12195121951219513,0.25396825396825395,0.39655172413793105,2
0.4871794871794871,0.36250000000000004,0.4634146341463415,0.5555555555555554,0.5862068965517242,2
0.9230769230769229,0.0875,0.14634146341463417,0.3650793650793651,0.3275862068965517,3
0.2948717948717948,0.7000000000000001,0.7073170731707318,0.7777777777777777,0.7586206896551724,1
0.3589743589743589,0.41250000000000003,0.39024390243902446,0.523809523809524,0.48275862068965525,1
0.7307692307692307,0.049999999999999996,0.19512195121951223,0.2222222222222222,0.051724137931034475,3
0.34615384615384615,0.55,0.48780487804878053,0.4285714285714285,0.48275862068965525,1
0.4487179487179487,0.175,0.5365853658536587,0.6507936507936507,0.603448275862069,1
0.6282051282051282,0.2125,0.3658536585365854,0.2063492063492064,0.2586206896551724,2
0.9230769230769229,0.0875,0.19512195121951223,0.38095238095238093,0.31034482758620696,3
0.5128205128205128,0.13749999999999998,0.29268292682926833,0.4285714285714285,0.5,2
0.8205128205128205,0.125,0.14634146341463417,0.2222222222222222,0.2068965517241379,2
0.6153846153846153,0.30000000000000004,0.21951219512195125,0.23809523809523803,0.4137931034482758,2
0.7051282051282051,0.19999999999999998,0.48780487804878053,0.1428571428571428,0.18965517241379315,3
0.46153846153846145,0.4375,0.39024390243902446,0.5873015873015872,0.6206896551724137,2
0.1923076923076923,0.6625,0.7073170731707318,0.5396825396825398,0.6551724137931034,0
0.6282051282051282,0.42500000000000004,0.39024390243902446,0.6031746031746033,0.5,3
0.7435897435897435,0.0375,0.29268292682926833,0.3650793650793651,0.2586206896551724,3
0.9743589743589742,0.125,0.3658536585365854,0.1428571428571428,0.10344827586206906,3
0.6153846153846153,0.23750000000000002,0.07317073170731708,0.5079365079365079,0.48275862068965525,2
0.3589743589743589,0.45,0.3658536585365854,0.47619047619047605,0.5862068965517242,2
0.5512820512820512,0.35000000000000003,0.48780487804878053,0.39682539682539675,0.39655172413793105,2
0.5512820512820512,0.175,0.41463414634146345,0.3015873015873016,0.24137931034482762,3
0.16666666666666663,0.8125,0.7560975609756099,0.6031746031746033,0.7586206896551724,0
0.6794871794871794,0.2625,0.3170731707317074,0.31746031746031733,0.15517241379310343,3
0.34615384615384615,0.35000000000000003,0.4390243902439025,0.7619047619047619,0.6379310344827585,0
0.6923076923076923,0.0625,0.29268292682926833,0.3015873015873016,0.27586206896551724,2
0.5384615384615384,0.36250000000000004,0.34146341463414637,0.46031746031746024,0.48275862068965525,2
0.4358974358974359,0.475,0.5365853658536587,0.6666666666666665,0.39655172413793105,1
0.4487179487179487,0.3875,0.7317073170731708,0.6031746031746033,0.5689655172413794,1
0.6153846153846153,0.1875,0.41463414634146345,0.2857142857142858,0.4137931034482758,2
0.641025641025641,0.2625,0.4634146341463415,0.3650793650793651,0.08620689655172409,2
0.41025641025641024,0.55,0.4634146341463415,0.47619047619047605,0.48275862068965525,2
0.8205128205128205,0.0875,0.34146341463414637,0.3492063492063492,0.18965517241379315,3
0.7948717948717948,0.07500000000000001,0.41463414634146345,0.3492063492063492,0.08620689655172409,3
0.3589743589743589,0.5125000000000001,0.5365853658536587,0.46031746031746024,0.5172413793103448,1
0.5128205128205128,0.275,0.29268292682926833,0.4920634920634921,0.4655172413793103,1
0.47435897435897434,0.36250000000000004,0.41463414634146345,0.3492063492063492,0.4137931034482758,1
0.16666666666666663,0.7125,0.4634146341463415,0.746031746031746,0.9137931034482758,0
0.7820512820512819,0.1,0.3170731707317074,0.3650793650793651,0.10344827586206906,3
0.5641025641025641,0.2125,0.3170731707317074,0.4126984126984127,0.24137931034482762,2
0.8333333333333333,0.1,0.34146341463414637,0.1428571428571428,0.03448275862068961,3
0.46153846153846145,0.6625,0.21951219512195125,0.6825396825396826,0.5862068965517242,1
0.2948717948717948,0.3875,0.5365853658536587,0.746031746031746,0.7586206896551724,0
0.8974358974358974,0.2125,0.24390243902439027,0.2222222222222222,0.17241379310344818,3
0.5,0.3375,0.6341463414634148,0.6349206349206349,0.4137931034482758,1
0.6794871794871794,0.049999999999999996,0.04878048780487806,0.2857142857142858,0.08620689655172409,3
0.34615384615384615,0.6125,0.41463414634146345,0.73015873015873,0.6379310344827585,0
0.8846153846153846,0.0875,0.07317073170731708,0.23809523809523803,0.22413793103448287,3
0.1923076923076923,0.85,0.6341463414634148,0.9047619047619049,0.7586206896551724,0
0.28205128205128205,0.35000000000000003,0.48780487804878053,0.746031746031746,0.7758620689655171,0
0.6666666666666666,0.0375,0.39024390243902446,0.26984126984126977,0.17241379310344818,3
0.6538461538461537,0.28750000000000003,0.48780487804878053,0.33333333333333337,0.34482758620689646,2
0.7692307692307692,0.0875,0.34146341463414637,0.3492063492063492,0.06896551724137934,3
0.11538461538461536,0.8375,0.7560975609756099,0.6666666666666665,0.7241379310344827,0
0.3846153846153846,0.5375,0.7073170731707318,0.5555555555555554,0.6379310344827585,1
0.47435897435897434,0.275,0.29268292682926833,0.3015873015873016,0.43103448275862055,2
0.15384615384615385,0.6625,0.7560975609756099,0.6031746031746033,0.9482758620689653,0
0.47435897435897434,0.325,0.3658536585365854,0.4126984126984127,0.4655172413793103,2
0.6923076923076923,0.4,0.34146341463414637,0.4285714285714285,0.2068965517241379,2
0.7435897435897435,0.0875,0.29268292682926833,0.26984126984126977,0.17241379310344818,3
0.7051282051282051,0.15,0.48780487804878053,0.2222222222222222,0.15517241379310343,3
0.39743589743589736,0.475,0.48780487804878053,0.4444444444444444,0.5689655172413794,1
0.30769230769230765,0.675,0.5853658536585367,0.7936507936507935,0.8448275862068966,1
0.5641025641025641,0.35000000000000003,0.6097560975609757,0.4920634920634921,0.5,1
0.10256410256410256,0.6625,0.6585365853658538,0.7619047619047619,0.6896551724137929,0
0.7435897435897435,0.11249999999999999,0.17073170731707318,0.39682539682539675,0.13793103448275867,3
0.20512820512820512,0.8,0.7317073170731708,0.5714285714285714,0.7586206896551724,1
0.23076923076923073,0.5,0.5609756097560976,0.5555555555555554,0.7586206896551724,1
0.11538461538461536,0.8,0.48780487804878053,0.5873015873015872,0.9137931034482758,1
0.4871794871794871,0.45,0.34146341463414637,0.3650793650793651,0.4137931034482758,1
0.39743589743589736,0.23750000000000002,0.3170731707317074,0.6984126984126984,0.5862068965517242,2
0.3589743589743589,0.24999999999999997,0.6585365853658538,0.7936507936507935,0.7413793103448276,1
0.8076923076923076,0.0875,0.39024390243902446,0.38095238095238093,0.36206896551724144,2
0.28205128205128205,0.45,0.4634146341463415,0.7936507936507935,0.6724137931034482,0
0.038461538461538464,0.725,0.7317073170731708,0.5714285714285714,0.7586206896551724,0
0.5769230769230769,0.125,0.34146341463414637,0.2857142857142858,0.31034482758620696,3
0.7692307692307692,0.07500000000000001,0.29268292682926833,0.38095238095238093,0.22413793103448287,3
0.8717948717948717,0.0875,0.21951219512195125,0.1428571428571428,0.24137931034482762,3
0.7692307692307692,0.0875,0.41463414634146345,0.38095238095238093,0.24137931034482762,3
0.3589743589743589,0.3375,0.6585365853658538,0.4126984126984127,0.5517241379310345,1
0.6153846153846153,0.225,0.3170731707317074,0.31746031746031733,0.12068965517241381,3
0.3205128205128205,0.42500000000000004,0.5609756097560976,0.6825396825396826,0.8448275862068966,1
0.2948717948717948,0.7125,0.6585365853658538,0.8730158730158728,0.7931034482758619,0
0.6153846153846153,0.0625,0.48780487804878053,0.3650793650793651,0.13793103448275867,2
0.4871794871794871,0.4375,0.7073170731707318,0.5079365079365079,0.5172413793103448,2
0.9102564102564101,0.0875,0.3658536585365854,0.2222222222222222,0.3275862068965517,3
0.08974358974358973,0.6375000000000001,0.6829268292682927,0.8253968253968256,0.6379310344827585,0
0.7179487179487178,0.11249999999999999,0.5121951219512196,0.2063492063492064,0.2068965517241379,3
0.46153846153846145,0.175,0.7073170731707318,0.5873015873015872,0.5862068965517242,1
0.6282051282051282,0.19999999999999998,0.5365853658536587,0.3492063492063492,0.18965517241379315,2
0.5897435897435896,0.35000000000000003,0.41463414634146345,0.5079365079365079,0.5517241379310345,2
0.34615384615384615,0.4375,0.6341463414634148,0.7777777777777777,0.4137931034482758,1
0.3205128205128205,0.375,0.8048780487804879,0.5555555555555554,0.7758620689655171,0
0.6538461538461537,0.11249999999999999,0.5121951219512196,0.38095238095238093,0.3275862068965517,2
0.1923076923076923,0.5375,0.39024390243902446,0.6507936507936507,0.8448275862068966,1
0.7692307692307692,0.0875,0.39024390243902446,0.3492063492063492,0.06896551724137934,3
0.4358974358974359,0.36250000000000004,0.34146341463414637,0.5396825396825398,0.4482758620689655,2
0.9230769230769229,0.0875,0.3170731707317074,0.19047619047619047,0.06896551724137934,3
0.7179487179487178,0.0875,0.21951219512195125,0.2857142857142858,0.293103448275862,3
0.3333333333333333,0.65,0.3170731707317074,0.857142857142857,0.8448275862068966,0
0.24358974358974356,0.4375,0.6097560975609757,0.6190476190476191,0.7241379310344827,0
0.7564102564102564,0.07500000000000001,0.41463414634146345,0.3492063492063492,0.10344827586206906,3
0.641025641025641,0.30000000000000004,0.5365853658536587,0.3650793650793651,0.293103448275862,2
0.8846153846153846,0.125,0.26829268292682934,0.23809523809523803,0.18965517241379315,3
0.8333333333333333,0.1,0.29268292682926833,0.19047619047619047,0.31034482758620696,3
0.24358974358974356,0.6375000000000001,0.41463414634146345,0.6507936507936507,0.7586206896551724,1
0.4487179487179487,0.42500000000000004,0.39024390243902446,0.5555555555555554,0.24137931034482762,2
0.3205128205128205,0.5750000000000001,0.39024390243902446,0.6984126984126984,0.6896551724137929,1
0.7948717948717948,0.0875,0.17073170731707318,0.19047619047619047,0.10344827586206906,3
0.7948717948717948,0.0875,0.34146341463414637,0.17460317460317465,0.3793103448275862,3
0.23076923076923073,0.675,0.6097560975609757,0.6507936507936507,0.7758620689655171,1
0.8076923076923076,0.15,0.3170731707317074,0.31746031746031733,0.2586206896551724,3
0.3846153846153846,0.5,0.48780487804878053,0.6984126984126984,0.5862068965517242,1
0.9102564102564101,0.0875,0.26829268292682934,0.3650793650793651,0.39655172413793105,3
0.6282051282051282,0.125,0.5365853658536587,0.3650793650793651,0.2068965517241379,3
0.6538461538461537,0.3125,0.12195121951219513,0.26984126984126977,0.4137931034482758,2
0.2948717948717948,0.55,0.5609756097560976,0.7619047619047619,0.7586206896551724,0
0.6923076923076923,0.175,0.14634146341463417,0.3492063492063492,0.4137931034482758,3
0.47435897435897434,0.4625,0.41463414634146345,0.5555555555555554,0.5344827586206897,2
0.6923076923076923,0.0875,0.21951219512195125,0.2857142857142858,0.17241379310344818,3
0.2564102564102564,0.6375000000000001,0.6097560975609757,0.7936507936507935,0.7586206896551724,1
0.47435897435897434,0.2625,0.48780487804878053,0.5873015873015872,0.603448275862069,2
0.4871794871794871,0.475,0.6585365853658538,0.39682539682539675,0.48275862068965525,2
0.3205128205128205,0.5750000000000001,0.8292682926829269,0.7777777777777777,0.7586206896551724,0
0.47435897435897434,0.42500000000000004,0.34146341463414637,0.31746031746031733,0.3793103448275862,2
0.47435897435897434,0.2625,0.41463414634146345,0.47619047619047605,0.5862068965517242,2
0.423076923076923,0.325,0.48780487804878053,0.7619047619047619,0.4137931034482758,1
0.1923076923076923,0.5125000000000001,0.4634146341463415,0.6825396825396826,0.896551724137931,0
0.3333333333333333,0.24999999999999997,0.6341463414634148,0.7619047619047619,0.7586206896551724,1
0.6282051282051282,0.1875,0.41463414634146345,0.1428571428571428,0.31034482758620696,3
0.8333333333333333,0.0875,0.26829268292682934,0.25396825396825395,0.27586206896551724,3
0.8974358974358974,0.0875,0.3658536585365854,0.31746031746031733,0.15517241379310343,3
0.7307692307692307,0.1625,0.4390243902439025,0.38095238095238093,0.06896551724137934,3
0.641025641025641,0.0875,0.4634146341463415,0.2222222222222222,0.3275862068965517,2
0.5641025641025641,0.35000000000000003,0.41463414634146345,0.33333333333333337,0.43103448275862055,2
0.34615384615384615,0.525,0.39024390243902446,0.746031746031746,0.5862068965517242,1
0.8076923076923076,0.07500000000000001,0.09756097560975611,0.23809523809523803,0.17241379310344818,3
0.37179487179487175,0.5375,0.6341463414634148,0.38095238095238093,0.5344827586206897,2
0.30769230769230765,0.41250000000000003,0.6097560975609757,0.6984126984126984,0.8275862068965518,0
0.7307692307692307,0.4,0.3170731707317074,0.33333333333333337,0.2586206896551724,3
0.5,0.475,0.39024390243902446,0.5396825396825398,0.4137931034482758,2
0.20512820512820512,0.625,0.5853658536585367,0.9206349206349207,0.5862068965517242,0
0.16666666666666663,0.6875,0.6097560975609757,0.746031746031746,0.896551724137931,0
0.6538461538461537,0.2125,0.39024390243902446,0.1428571428571428,0.10344827586206906,3
0.7820512820512819,0.0875,0.02439024390243903,0.23809523809523803,0.08620689655172409,3
0.7051282051282051,0.375,0.3658536585365854,0.3492063492063492,0.24137931034482762,3
0.15384615384615385,0.5,0.4634146341463415,0.6031746031746033,0.7586206896551724,1
0.6282051282051282,0.0875,0.39024390243902446,0.25396825396825395,0.4137931034482758,3
0.9487179487179487,0.07500000000000001,0.17073170731707318,0.23809523809523803,0.2068965517241379,3
0.6282051282051282,0.19999999999999998,0.4634146341463415,0.17460317460317465,0.31034482758620696,3
0.47435897435897434,0.41250000000000003,0.26829268292682934,0.523809523809524,0.4137931034482758,1
0.14102564102564102,0.7625000000000001,0.7073170731707318,0.8095238095238093,0.7413793103448276,0
0.6666666666666666,0.175,0.3170731707317074,0.4285714285714285,0.24137931034482762,3
0.5897435897435896,0.0875,0.29268292682926833,0.4126984126984127,0.4482758620689655,2
0.39743589743589736,0.3375,0.4634146341463415,0.39682539682539675,0.4137931034482758,1
0.3846153846153846,0.3875,0.6097560975609757,0.46031746031746024,0.5172413793103448,2
0.7307692307692307,0.1875,0.4390243902439025,0.17460317460317465,0.24137931034482762,3
0.3846153846153846,0.325,0.41463414634146345,0.6507936507936507,0.5517241379310345,1
0.5641025641025641,0.375,0.5365853658536587,0.5555555555555554,0.5,1
0.7051282051282051,0.1875,0.3658536585365854,0.11111111111111105,0.3793103448275862,3
0.6666666666666666,0.0625,0.48780487804878053,0.4126984126984127,0.22413793103448287,2
0.47435897435897434,0.45,0.4634146341463415,0.46031746031746024,0.603448275862069,1
0.7051282051282051,0.125,0.24390243902439027,0.11111111111111105,0.15517241379310343,3
0.5769230769230769,0.4375,0.39024390243902446,0.47619047619047605,0.4137931034482758,2
0.16666666666666663,0.8250000000000001,0.6829268292682927,0.857142857142857,0.603448275862069,0
0.7051282051282051,0.0875,0.39024390243902446,0.39682539682539675,0.24137931034482762,3
0.4871794871794871,0.4,0.4390243902439025,0.6349206349206349,0.5517241379310345,1
0.4358974358974359,0.41250000000000003,0.5365853658536587,0.6349206349206349,0.603448275862069,1
0.16666666666666663,0.55,0.7073170731707318,0.9523809523809523,0.7758620689655171,0
0.4871794871794871,0.24999999999999997,0.39024390243902446,0.5555555555555554,0.5862068965517242,2
0.3589743589743589,0.4625,0.48780487804878053,0.6031746031746033,0.8620689655172413,0
0.3333333333333333,0.525,0.7804878048780489,0.8253968253968256,0.7413793103448276,1
0.28205128205128205,0.625,0.48780487804878053,0.7142857142857142,0.7931034482758619,1
0.6923076923076923,0.1625,0.26829268292682934,0.3492063492063492,0.08620689655172409,3
0.3333333333333333,0.5,0.6097560975609757,0.7777777777777777,0.3793103448275862,1
0.9102564102564101,0.0875,0.3170731707317074,0.17460317460317465,0.34482758620689646,3
0.4487179487179487,0.4,0.5609756097560976,0.6825396825396826,0.39655172413793105,2
0.6282051282051282,0.325,0.5365853658536587,0.5714285714285714,0.603448275862069,1
0.5897435897435896,0.375,0.07317073170731708,0.4920634920634921,0.5344827586206897,1
0.6025641025641025,0.325,0.5121951219512196,0.4920634920634921,0.36206896551724144,3
0.28205128205128205,0.55,0.4634146341463415,0.5079365079365079,0.5862068965517242,0
0.5769230769230769,0.275,0.6097560975609757,0.4444444444444444,0.5517241379310345,2
0.4358974358974359,0.36250000000000004,0.5121951219512196,0.6031746031746033,0.5862068965517242,1
0.5897435897435896,0.1875,0.24390243902439027,0.47619047619047605,0.3793103448275862,2
0.30769230769230765,0.625,0.5853658536585367,0.8412698412698414,0.7413793103448276,1
0.3589743589743589,0.325,0.6585365853658538,0.38095238095238093,0.5172413793103448,1
0.5641025641025641,0.225,0.5121951219512196,0.4444444444444444,0.5344827586206897,1
0.41025641025641024,0.475,0.3170731707317074,0.46031746031746024,0.22413793103448287,2
0.24358974358974356,0.525,0.41463414634146345,0.8730158730158728,0.5862068965517242,0
0.5256410256410255,0.36250000000000004,0.41463414634146345,0.4285714285714285,0.5689655172413794,2
0.41025641025641024,0.41250000000000003,0.8292682926829269,0.38095238095238093,0.4655172413793103,1
0.46153846153846145,0.2625,0.19512195121951223,0.6190476190476191,0.6206896551724137,1
0.3589743589743589,0.3375,0.7073170731707318,0.4126984126984127,0.6206896551724137,1
0.6282051282051282,0.2125,0.4390243902439025,0.523809523809524,0.3275862068965517,2
0.37179487179487175,0.375,0.24390243902439027,0.46031746031746024,0.5862068965517242,1
0.5512820512820512,0.3125,0.3658536585365854,0.5714285714285714,0.4137931034482758,2
0.1923076923076923,0.41250000000000003,0.7804878048780489,0.5555555555555554,0.8275862068965518,0
0.2692307692307692,0.4625,0.5121951219512196,0.6825396825396826,0.9310344827586206,1
0.7435897435897435,0.07500000000000001,0.29268292682926833,0.4444444444444444,0.22413793103448287,3
0.6282051282051282,0.19999999999999998,0.21951219512195125,0.4920634920634921,0.31034482758620696,2
0.5,0.3125,0.5121951219512196,0.3492063492063492,0.4137931034482758,3
0.7692307692307692,0.225,0.3170731707317074,0.2222222222222222,0.0,3
0.7435897435897435,0.13749999999999998,0.6341463414634148,0.4126984126984127,0.31034482758620696,3
0.24358974358974356,0.625,0.5365853658536587,0.5873015873015872,0.8448275862068966,1
0.34615384615384615,0.3875,0.5609756097560976,0.6825396825396826,0.39655172413793105,0
0.5897435897435896,0.1875,0.3170731707317074,0.3015873015873016,0.2068965517241379,3
0.6153846153846153,0.125,0.6097560975609757,0.19047619047619047,0.22413793103448287,2
0.6282051282051282,0.1625,0.5121951219512196,0.3015873015873016,0.18965517241379315,2
0.5897435897435896,0.175,0.4634146341463415,0.4126984126984127,0.5,3
0.4358974358974359,0.3125,0.3658536585365854,0.5714285714285714,0.6206896551724137,1
0.30769230769230765,0.5375,0.34146341463414637,0.5396825396825398,0.603448275862069,0
0.5128205128205128,0.36250000000000004,0.3658536585365854,0.33333333333333337,0.24137931034482762,2
0.4487179487179487,0.35000000000000003,0.3658536585365854,0.46031746031746024,0.5517241379310345,2
0.5,0.4625,0.41463414634146345,0.6825396825396826,0.5862068965517242,1
0.47435897435897434,0.525,0.5853658536585367,0.1428571428571428,0.4137931034482758,2
0.7820512820512819,0.1875,0.29268292682926833,0.25396825396825395,0.24137931034482762,3
0.4871794871794871,0.42500000000000004,0.4634146341463415,0.5714285714285714,0.5862068965517242,1
0.3846153846153846,0.2625,0.26829268292682934,0.5396825396825398,0.27586206896551724,1
0.6538461538461537,0.19999999999999998,0.34146341463414637,0.4444444444444444,0.4137931034482758,3
0.6153846153846153,0.24999999999999997,0.14634146341463417,0.31746031746031733,0.3275862068965517,2
0.6153846153846153,0.30000000000000004,0.5365853658536587,0.4285714285714285,0.48275862068965525,3
0.47435897435897434,0.45,0.34146341463414637,0.4285714285714285,0.24137931034482762,2
0.6025641025641025,0.19999999999999998,0.7560975609756099,0.17460317460317465,0.24137931034482762,3
0.6282051282051282,0.175,0.48780487804878053,0.39682539682539675,0.43103448275862055,2
0.3589743589743589,0.4375,0.39024390243902446,0.8412698412698414,0.7068965517241379,1
0.5384615384615384,0.325,0.4390243902439025,0.4285714285714285,0.4137931034482758,2
0.7820512820512819,0.225,0.5609756097560976,0.25396825396825395,0.2068965517241379,3
0.4487179487179487,0.19999999999999998,0.5853658536585367,0.6190476190476191,0.4137931034482758,2
0.5641025641025641,0.375,0.26829268292682934,0.3015873015873016,0.2068965517241379,3
0.7948717948717948,0.1,0.19512195121951223,0.3015873015873016,0.15517241379310343,3
0.6538461538461537,0.13749999999999998,0.5121951219512196,0.31746031746031733,0.2586206896551724,3
0.846153846153846,0.1,0.17073170731707318,0.26984126984126977,0.2586206896551724,3
0.34615384615384615,0.5125000000000001,0.39024390243902446,0.8253968253968256,0.9310344827586206,1
0.7564102564102564,0.19999999999999998,0.14634146341463417,0.2857142857142858,0.03448275862068961,3
0.9743589743589742,0.07500000000000001,0.24390243902439027,0.19047619047619047,0.17241379310344818,3
0.7564102564102564,0.0875,0.3658536585365854,0.39682539682539675,0.18965517241379315,3
0.5641025641025641,0.4,0.48780487804878053,0.4920634920634921,0.24137931034482762,3
0.5897435897435896,0.2625,0.4634146341463415,0.47619047619047605,0.4137931034482758,3
0.34615384615384615,0.5875,0.853658536585366,0.6190476190476191,0.5862068965517242,0
0.30769230769230765,0.5,0.6585365853658538,0.73015873015873,0.7586206896551724,1
0.5384615384615384,0.1875,0.41463414634146345,0.46031746031746024,0.43103448275862055,2
0.8076923076923076,0.0875,0.3658536585365854,0.26984126984126977,0.24137931034482762,3
0.3846153846153846,0.625,0.6829268292682927,0.5555555555555554,0.6551724137931034,0
0.5256410256410255,0.225,0.26829268292682934,0.3492063492063492,0.36206896551724144,2
0.34615384615384615,0.55,0.41463414634146345,0.8095238095238093,0.8620689655172413,1
0.10256410256410256,0.7125,0.4634146341463415,0.6825396825396826,0.7586206896551724,0
0.6025641025641025,0.13749999999999998,0.6097560975609757,0.3650793650793651,0.39655172413793105,2
0.3589743589743589,0.475,0.48780487804878053,0.6031746031746033,0.896551724137931,0
0.3846153846153846,0.3125,0.4634146341463415,0.3492063492063492,0.4482758620689655,1
0.6666666666666666,0.275,0.5609756097560976,0.47619047619047605,0.43103448275862055,2
0.5769230769230769,0.225,0.48780487804878053,0.5079365079365079,0.4137931034482758,2
0.41025641025641024,0.3375,0.6341463414634148,0.4126984126984127,0.48275862068965525,2
0.3333333333333333,0.35000000000000003,0.7560975609756099,0.7619047619047619,0.7586206896551724,1
0.46153846153846145,0.4375,0.34146341463414637,0.5079365079365079,0.48275862068965525,2
0.7307692307692307,0.0875,0.29268292682926833,0.38095238095238093,0.15517241379310343,3
0.3846153846153846,0.6,0.4634146341463415,0.523809523809524,0.43103448275862055,2
0.7564102564102564,0.19999999999999998,0.26829268292682934,0.1587301587301586,0.12068965517241381,3
0.7692307692307692,0.0875,0.26829268292682934,0.38095238095238093,0.24137931034482762,3
0.2564102564102564,0.475,0.5853658536585367,0.5396825396825398,0.5862068965517242,1
0.3205128205128205,0.375,0.8292682926829269,0.7142857142857142,0.6206896551724137,0
0.20512820512820512,0.6375000000000001,0.5365853658536587,0.73015873015873,0.6206896551724137,1
0.6923076923076923,0.0875,0.4634146341463415,0.4126984126984127,0.24137931034482762,2
0.24358974358974356,0.5125000000000001,0.6341463414634148,0.6031746031746033,0.896551724137931,0
0.7307692307692307,0.0875,0.3170731707317074,0.3492063492063492,0.3275862068965517,3
0.3333333333333333,0.6125,0.5853658536585367,0.5555555555555554,0.8620689655172413,1
0.46153846153846145,0.6,0.5121951219512196,0.6190476190476191,0.5862068965517242,1
0.4487179487179487,0.35000000000000003,0.5365853658536587,0.5079365079365079,0.5,2
0.5769230769230769,0.19999999999999998,0.12195121951219513,0.5555555555555554,0.39655172413793105,1
0.2692307692307692,0.6625,0.6585365853658538,0.7619047619047619,0.7241379310344827,1
0.7948717948717948,0.0875,0.29268292682926833,0.2857142857142858,0.36206896551724144,3
0.6025641025641025,0.175,0.5121951219512196,0.523809523809524,0.43103448275862055,2
0.15384615384615385,0.65,0.6585365853658538,0.5714285714285714,0.8275862068965518,1
0.39743589743589736,0.45,0.7317073170731708,0.6666666666666665,0.5862068965517242,1
0.6923076923076923,0.36250000000000004,0.39024390243902446,0.5396825396825398,0.5,2
0.7435897435897435,0.125,0.19512195121951223,0.2857142857142858,0.39655172413793105,3
0.8076923076923076,0.1,0.39024390243902446,0.25396825396825395,0.12068965517241381,3
0.2564102564102564,0.725,0.7560975609756099,0.6984126984126984,0.7241379310344827,1
0.34615384615384615,0.375,0.26829268292682934,0.746031746031746,0.7586206896551724,2
0.47435897435897434,0.525,0.4390243902439025,0.6825396825396826,0.5862068965517242,1
0.8846153846153846,0.025,0.21951219512195125,0.23809523809523803,0.17241379310344818,3
0.5256410256410255,0.2625,0.3170731707317074,0.47619047619047605,0.43103448275862055,2
0.5641025641025641,0.475,0.41463414634146345,0.6666666666666665,0.5517241379310345,1
0.6666666666666666,0.15,0.24390243902439027,0.4920634920634921,0.4655172413793103,2
0.5128205128205128,0.3875,0.29268292682926833,0.4920634920634921,0.5517241379310345,2
0.2948717948717948,0.7125,0.48780487804878053,0.8412698412698414,0.7413793103448276,1
0.4358974358974359,0.525,0.5365853658536587,0.5396825396825398,0.36206896551724144,1
0.3589743589743589,0.4375,0.5853658536585367,0.7619047619047619,0.6206896551724137,1
0.2564102564102564,0.6,0.5609756097560976,0.7142857142857142,0.7586206896551724,1
0.7051282051282051,0.4375,0.48780487804878053,0.3492063492063492,0.3275862068965517,3
0.34615384615384615,0.5625,0.39024390243902446,0.4126984126984127,0.5689655172413794,2
0.34615384615384615,0.55,0.6341463414634148,0.5396825396825398,0.5344827586206897,1
0.7692307692307692,0.07500000000000001,0.09756097560975611,0.23809523809523803,0.18965517241379315,3
0.8846153846153846,0.0875,0.34146341463414637,0.2857142857142858,0.18965517241379315,3
0.47435897435897434,0.30000000000000004,0.29268292682926833,0.46031746031746024,0.22413793103448287,2
0.7179487179487178,0.36250000000000004,0.17073170731707318,0.25396825396825395,0.27586206896551724,3
0.2692307692307692,0.48750000000000004,0.878048780487805,0.5873015873015872,0.6379310344827585,1
0.8076923076923076,0.049999999999999996,0.34146341463414637,0.38095238095238093,0.051724137931034475,3
0.6666666666666666,0.0875,0.5121951219512196,0.3015873015873016,0.22413793103448287,2
0.8205128205128205,0.025,0.0,0.2222222222222222,0.15517241379310343,3
0.7692307692307692,0.0625,0.29268292682926833,0.25396825396825395,0.4482758620689655,3
0.3205128205128205,0.5625,0.3170731707317074,0.7777777777777777,0.6379310344827585,1
0.6025641025641025,0.2625,0.34146341463414637,0.5555555555555554,0.22413793103448287,2
0.8846153846153846,0.0625,0.4390243902439025,0.31746031746031733,0.3793103448275862,3
0.37179487179487175,0.5375,0.39024390243902446,0.7777777777777777,0.36206896551724144,1
0.34615384615384615,0.5625,0.4390243902439025,0.46031746031746024,0.5689655172413794,1
0.5897435897435896,0.13749999999999998,0.34146341463414637,0.2857142857142858,0.2586206896551724,3
0.3205128205128205,0.625,0.48780487804878053,0.46031746031746024,0.4655172413793103,1
0.39743589743589736,0.375,0.48780487804878053,0.6507936507936507,0.5862068965517242,1
0.5512820512820512,0.225,0.21951219512195125,0.5079365079365079,0.24137931034482762,2
0.3589743589743589,0.5625,0.5121951219512196,0.6349206349206349,0.6724137931034482,2
0.5256410256410255,0.36250000000000004,0.48780487804878053,0.6349206349206349,0.4655172413793103,2
0.6025641025641025,0.41250000000000003,0.41463414634146345,0.23809523809523803,0.31034482758620696,2
0.47435897435897434,0.275,0.34146341463414637,0.5079365079365079,0.24137931034482762,2
0.4487179487179487,0.3875,0.48780487804878053,0.6666666666666665,0.5689655172413794,1
0.3846153846153846,0.35000000000000003,0.3658536585365854,0.746031746031746,0.36206896551724144,2
0.28205128205128205,0.525,0.39024390243902446,0.746031746031746,0.5517241379310345,1
0.641025641025641,0.3125,0.26829268292682934,0.2857142857142858,0.27586206896551724,3
0.6666666666666666,0.13749999999999998,0.4634146341463415,0.26984126984126977,0.24137931034482762,3
0.5897435897435896,0.45,0.4634146341463415,0.31746031746031733,0.2586206896551724,2
0.5769230769230769,0.0875,0.34146341463414637,0.47619047619047605,0.3793103448275862,2
0.846153846153846,0.0875,0.29268292682926833,0.25396825396825395,0.08620689655172409,3
0.4871794871794871,0.475,0.4634146341463415,0.4444444444444444,0.5344827586206897,2
0.5128205128205128,0.19999999999999998,0.3170731707317074,0.23809523809523803,0.4137931034482758,2
0.34615384615384615,0.5875,0.4634146341463415,0.523809523809524,0.5689655172413794,1
0.2692307692307692,0.55,0.39024390243902446,0.8095238095238093,0.7586206896551724,0
0.34615384615384615,0.6375000000000001,0.41463414634146345,0.6825396825396826,0.6206896551724137,1
0.4358974358974359,0.375,0.4390243902439025,0.8253968253968256,0.5862068965517242,1
0.4871794871794871,0.4,0.48780487804878053,0.6031746031746033,0.5862068965517242,1
0.4871794871794871,0.375,0.41463414634146345,0.5714285714285714,0.5862068965517242,2
0.7179487179487178,0.1625,0.3170731707317074,0.2222222222222222,0.17241379310344818,3
0.8846153846153846,0.1,0.19512195121951223,0.26984126984126977,0.36206896551724144,3
0.6794871794871794,0.0875,0.21951219512195125,0.26984126984126977,0.43103448275862055,3
0.6666666666666666,0.07500000000000001,0.4390243902439025,0.4285714285714285,0.24137931034482762,2
0.7435897435897435,0.125,0.3170731707317074,0.23809523809523803,0.06896551724137934,3
0.6282051282051282,0.275,0.4634146341463415,0.3492063492063492,0.34482758620689646,2
0.641025641025641,0.30000000000000004,0.5121951219512196,0.523809523809524,0.39655172413793105,2
0.6153846153846153,0.1625,0.5121951219512196,0.2857142857142858,0.43103448275862055,2
0.6666666666666666,0.125,0.19512195121951223,0.3650793650793651,0.4482758620689655,3
0.47435897435897434,0.2625,0.48780487804878053,0.5555555555555554,0.5862068965517242,1
0.2692307692307692,0.6375000000000001,0.5365853658536587,0.5714285714285714,0.8448275862068966,1
0.23076923076923073,0.625,0.5853658536585367,0.8888888888888886,0.5862068965517242,0
0.3589743589743589,0.42500000000000004,0.7073170731707318,0.73015873015873,0.7586206896551724,1
0.0641025641025641,0.7625000000000001,0.5365853658536587,0.6984126984126984,0.9310344827586206,0
0.3589743589743589,0.4,0.48780487804878053,0.6507936507936507,0.9137931034482758,0
0.8589743589743589,0.1,0.41463414634146345,0.3492063492063492,0.15517241379310343,2
0.7820512820512819,0.11249999999999999,0.19512195121951223,0.1428571428571428,0.34482758620689646,3
0.7692307692307692,0.13749999999999998,0.48780487804878053,0.25396825396825395,0.4137931034482758,3
0.5769230769230769,0.475,0.34146341463414637,0.5079365079365079,0.4137931034482758,2
0.16666666666666663,0.5750000000000001,0.4390243902439025,0.857142857142857,0.9482758620689653,0
0.5128205128205128,0.375,0.3658536585365854,0.4285714285714285,0.22413793103448287,2
0.5641025641025641,0.375,0.21951219512195125,0.4920634920634921,0.4482758620689655,2
0.6923076923076923,0.13749999999999998,0.29268292682926833,0.09523809523809523,0.4137931034482758,3
0.3589743589743589,0.7000000000000001,0.5121951219512196,0.7936507936507935,0.896551724137931,1
0.7051282051282051,0.13749999999999998,0.5121951219512196,0.2222222222222222,0.06896551724137934,3
0.3333333333333333,0.5750000000000001,0.5121951219512196,0.523809523809524,0.5,1
0.2564102564102564,0.7375,0.34146341463414637,0.6190476190476191,0.9310344827586206,0
0.8974358974358974,0.0875,0.21951219512195125,0.25396825396825395,0.293103448275862,3
0.641025641025641,0.24999999999999997,0.26829268292682934,0.31746031746031733,0.10344827586206906,3
0.6282051282051282,0.3375,0.34146341463414637,0.46031746031746024,0.4137931034482758,2
0.8974358974358974,0.0875,0.3658536585365854,0.3015873015873016,0.34482758620689646,3
0.5,0.4,0.5121951219512196,0.5714285714285714,0.24137931034482762,2
0.8205128205128205,0.1625,0.3658536585365854,0.1587301587301586,0.31034482758620696,3
0.3333333333333333,0.4375,0.5609756097560976,0.7142857142857142,0.7586206896551724,1
0.47435897435897434,0.6,0.5609756097560976,0.4920634920634921,0.48275862068965525,2
0.9102564102564101,0.0875,0.29268292682926833,0.31746031746031733,0.31034482758620696,3
0.21794871794871795,0.5875,0.5609756097560976,0.5555555555555554,0.9137931034482758,2
0.5897435897435896,0.28750000000000003,0.3170731707317074,0.4444444444444444,0.24137931034482762,3
0.9358974358974359,0.11249999999999999,0.19512195121951223,0.25396825396825395,0.22413793103448287,3
0.6666666666666666,0.13749999999999998,0.19512195121951223,0.2857142857142858,0.2068965517241379,3
0.3846153846153846,0.28750000000000003,0.3658536585365854,0.6031746031746033,0.603448275862069,1
0.7307692307692307,0.07500000000000001,0.4390243902439025,0.39682539682539675,0.293103448275862,3
0.7051282051282051,0.0875,0.39024390243902446,0.2857142857142858,0.3793103448275862,2
0.47435897435897434,0.1875,0.34146341463414637,0.19047619047619047,0.4137931034482758,2
0.21794871794871795,0.725,0.4634146341463415,0.6507936507936507,0.6896551724137929,1
0.8205128205128205,0.11249999999999999,0.26829268292682934,0.33333333333333337,0.293103448275862,3
0.17948717948717946,0.625,0.6097560975609757,0.6349206349206349,0.6896551724137929,1
0.17948717948717946,0.5,0.5365853658536587,0.9206349206349207,0.7586206896551724,0
0.423076923076923,0.5625,0.4634146341463415,0.5873015873015872,0.5517241379310345,1
0.37179487179487175,0.41250000000000003,0.26829268292682934,0.6825396825396826,0.24137931034482762,1
0.08974358974358973,1.0,0.6097560975609757,0.6825396825396826,0.6724137931034482,0
0.6153846153846153,0.3375,0.39024390243902446,0.47619047619047605,0.4137931034482758,3
0.6923076923076923,0.24999999999999997,0.17073170731707318,0.3650793650793651,0.2586206896551724,3
0.846153846153846,0.07500000000000001,0.4390243902439025,0.11111111111111105,0.3793103448275862,3
0.20512820512820512,0.7125,0.4390243902439025,0.6349206349206349,0.6896551724137929,1
0.3333333333333333,0.6625,0.6341463414634148,0.7936507936507935,0.6724137931034482,1
0.3846153846153846,0.5625,0.5609756097560976,0.7142857142857142,0.603448275862069,2
0.6025641025641025,0.1875,0.19512195121951223,0.47619047619047605,0.4137931034482758,2
0.423076923076923,0.5,0.3170731707317074,0.6507936507936507,0.5862068965517242,1
0.20512820512820512,0.6,0.4634146341463415,0.8888888888888886,0.7586206896551724,1
0.37179487179487175,0.5375,0.5853658536585367,0.4920634920634921,0.4137931034482758,1
0.30769230769230765,0.3875,0.7804878048780489,0.8095238095238093,0.7931034482758619,1
0.6923076923076923,0.1875,0.3658536585365854,0.31746031746031733,0.4137931034482758,3
0.9230769230769229,0.0875,0.24390243902439027,0.06349206349206349,0.24137931034482762,3
0.39743589743589736,0.48750000000000004,0.3170731707317074,0.6507936507936507,0.5862068965517242,2
0.20512820512820512,0.625,0.4634146341463415,0.6507936507936507,0.9137931034482758,0
0.3589743589743589,0.4375,0.5365853658536587,0.4285714285714285,0.4482758620689655,1
0.47435897435897434,0.36250000000000004,0.24390243902439027,0.6190476190476191,0.4655172413793103,1
0.3205128205128205,0.48750000000000004,0.4390243902439025,0.746031746031746,0.7586206896551724,1
0.6153846153846153,0.2125,0.34146341463414637,0.4920634920634921,0.5,2
0.7435897435897435,0.0875,0.34146341463414637,0.3650793650793651,0.06896551724137934,3
0.34615384615384615,0.625,0.6341463414634148,0.5873015873015872,0.7241379310344827,0
0.3846153846153846,0.55,0.6097560975609757,0.5714285714285714,0.5,1
0.3589743589743589,0.475,0.4634146341463415,0.6984126984126984,0.7586206896551724,1
0.9487179487179487,0.049999999999999996,0.09756097560975611,0.0793650793650793,0.293103448275862,3
0.8846153846153846,0.11249999999999999,0.14634146341463417,0.23809523809523803,0.22413793103448287,3
0.24358974358974356,0.5750000000000001,0.5121951219512196,0.8253968253968256,0.7413793103448276,1
0.24358974358974356,0.775,0.48780487804878053,0.5396825396825398,0.5862068965517242,1
0.6666666666666666,0.2625,0.41463414634146345,0.3650793650793651,0.34482758620689646,2
0.6153846153846153,0.15,0.5365853658536587,0.2857142857142858,0.22413793103448287,2
0.5384615384615384,0.42500000000000004,0.3658536585365854,0.2857142857142858,0.2068965517241379,3
0.9487179487179487,0.0875,0.3170731707317074,0.17460317460317465,0.31034482758620696,3
0.30769230769230765,0.7125,0.7073170731707318,0.6031746031746033,0.603448275862069,0
0.34615384615384615,0.625,0.3658536585365854,0.5714285714285714,0.5862068965517242,2
0.17948717948717946,0.6625,0.7073170731707318,0.6984126984126984,0.8793103448275861,1
0.7692307692307692,0.049999999999999996,0.4634146341463415,0.33333333333333337,0.24137931034482762,3
0.7692307692307692,0.0875,0.19512195121951223,0.3650793650793651,0.10344827586206906,3
0.846153846153846,0.11249999999999999,0.29268292682926833,0.23809523809523803,0.03448275862068961,3
0.21794871794871795,0.6375000000000001,0.7073170731707318,0.7936507936507935,0.7241379310344827,1
0.9615384615384615,0.049999999999999996,0.14634146341463417,0.031746031746031744,0.2586206896551724,3
0.39743589743589736,0.2125,0.48780487804878053,0.7142857142857142,0.5862068965517242,1
0.4358974358974359,0.41250000000000003,0.6097560975609757,0.46031746031746024,0.5,2
0.4358974358974359,0.4625,0.29268292682926833,0.6190476190476191,0.4137931034482758,1
0.3846153846153846,0.48750000000000004,0.8048780487804879,0.7777777777777777,0.8448275862068966,0
0.7435897435897435,0.0625,0.41463414634146345,0.23809523809523803,0.4482758620689655,3
0.23076923076923073,0.8125,0.3658536585365854,0.5873015873015872,0.8793103448275861,1
0.5512820512820512,0.28750000000000003,0.48780487804878053,0.5873015873015872,0.43103448275862055,1
0.37179487179487175,0.4375,0.6097560975609757,0.7936507936507935,0.8448275862068966,1
0.5384615384615384,0.1875,0.5121951219512196,0.523809523809524,0.24137931034482762,2
0.7307692307692307,0.13749999999999998,0.34146341463414637,0.3492063492063492,0.15517241379310343,3
0.7820512820512819,0.11249999999999999,0.29268292682926833,0.31746031746031733,0.10344827586206906,3
0.15384615384615385,0.5375,0.48780487804878053,0.9206349206349207,0.7931034482758619,0
0.8076923076923076,0.0875,0.4634146341463415,0.2222222222222222,0.3793103448275862,3
0.6538461538461537,0.1875,0.21951219512195125,0.1587301587301586,0.12068965517241381,2
0.5769230769230769,0.48750000000000004,0.39024390243902446,0.47619047619047605,0.6724137931034482,1
0.47435897435897434,0.4375,0.4634146341463415,0.47619047619047605,0.5689655172413794,2
0.23076923076923073,0.7000000000000001,0.6341463414634148,0.8412698412698414,0.8103448275862071,0
0.6538461538461537,0.125,0.21951219512195125,0.19047619047619047,0.17241379310344818,3
0.8846153846153846,0.07500000000000001,0.26829268292682934,0.09523809523809523,0.4137931034482758,3
0.4358974358974359,0.475,0.4390243902439025,0.39682539682539675,0.5,2
0.1923076923076923,0.8625,0.7560975609756099,0.9047619047619049,0.603448275862069,0
0.1923076923076923,0.7375,0.6341463414634148,1.0,0.7758620689655171,0
0.39743589743589736,0.5375,0.4390243902439025,0.6825396825396826,0.8275862068965518,1
0.11538461538461536,0.7875,0.5121951219512196,0.5714285714285714,0.7931034482758619,1
0.6666666666666666,0.1625,0.34146341463414637,0.39682539682539675,0.24137931034482762,3
0.3205128205128205,0.5625,0.6097560975609757,0.6349206349206349,0.5344827586206897,1
0.7307692307692307,0.0875,0.3170731707317074,0.31746031746031733,0.4137931034482758,3
0.34615384615384615,0.4,0.5609756097560976,0.7142857142857142,0.4137931034482758,0
0.24358974358974356,0.525,0.7560975609756099,0.8888888888888886,0.7758620689655171,0
0.47435897435897434,0.3125,0.29268292682926833,0.523809523809524,0.5862068965517242,1
0.5384615384615384,0.4,0.29268292682926833,0.4920634920634921,0.4137931034482758,1
0.4871794871794871,0.55,0.3170731707317074,0.5555555555555554,0.43103448275862055,2
0.07692307692307693,0.7875,0.6585365853658538,0.8888888888888886,0.8448275862068966,0
0.15384615384615385,0.8875000000000001,0.8292682926829269,0.5873015873015872,0.7931034482758619,1
0.1282051282051282,0.675,0.8048780487804879,0.6825396825396826,0.8103448275862071,0
0.7948717948717948,0.175,0.34146341463414637,0.31746031746031733,0.2068965517241379,3
0.3333333333333333,0.525,0.5365853658536587,0.7142857142857142,0.7586206896551724,0
0.21794871794871795,0.675,0.5609756097560976,0.6190476190476191,0.7586206896551724,1
0.8333333333333333,0.0875,0.17073170731707318,0.19047619047619047,0.31034482758620696,3
0.5897435897435896,0.3375,0.4634146341463415,0.38095238095238093,0.31034482758620696,2
0.47435897435897434,0.3125,0.5121951219512196,0.33333333333333337,0.43103448275862055,2
0.7948717948717948,0.13749999999999998,0.39024390243902446,0.23809523809523803,0.24137931034482762,3
0.3589743589743589,0.5,0.41463414634146345,0.7619047619047619,0.8103448275862071,0
0.24358974358974356,0.5125000000000001,0.6097560975609757,0.8730158730158728,0.603448275862069,1
0.5,0.5,0.29268292682926833,0.6190476190476191,0.5862068965517242,1
0.8589743589743589,0.15,0.12195121951219513,0.25396825396825395,0.2068965517241379,3
0.9358974358974359,0.0875,0.12195121951219513,0.06349206349206349,0.24137931034482762,3
0.5512820512820512,0.2625,0.3170731707317074,0.4920634920634921,0.5517241379310345,2
0.9487179487179487,0.125,0.19512195121951223,0.1269841269841271,0.39655172413793105,3
0.6153846153846153,0.15,0.5365853658536587,0.3492063492063492,0.22413793103448287,3
0.30769230769230765,0.6125,0.4634146341463415,0.857142857142857,0.6206896551724137,1
0.5128205128205128,0.3125,0.34146341463414637,0.46031746031746024,0.3793103448275862,1
0.3589743589743589,0.5125000000000001,0.5609756097560976,0.6507936507936507,0.7586206896551724,1
0.5384615384615384,0.35000000000000003,0.39024390243902446,0.5555555555555554,0.3793103448275862,3
0.846153846153846,0.1,0.3170731707317074,0.31746031746031733,0.3275862068965517,3
0.8076923076923076,0.0875,0.26829268292682934,0.3015873015873016,0.31034482758620696,3
0.20512820512820512,0.75,0.7804878048780489,0.6031746031746033,0.7068965517241379,1
0.5,0.3375,0.41463414634146345,0.39682539682539675,0.4655172413793103,2
0.5512820512820512,0.48750000000000004,0.5365853658536587,0.3492063492063492,0.3275862068965517,2
0.4871794871794871,0.375,0.48780487804878053,0.523809523809524,0.6551724137931034,2
0.9487179487179487,0.0875,0.14634146341463417,0.25396825396825395,0.293103448275862,3
0.7435897435897435,0.0875,0.29268292682926833,0.38095238095238093,0.24137931034482762,3
0.4487179487179487,0.225,0.41463414634146345,0.6031746031746033,0.3793103448275862,2
0.3846153846153846,0.525,0.5365853658536587,0.4920634920634921,0.5517241379310345,1
0.6794871794871794,0.23750000000000002,0.26829268292682934,0.4444444444444444,0.24137931034482762,1
0.3333333333333333,0.6625,0.6341463414634148,0.7777777777777777,0.7413793103448276,1
0.4487179487179487,0.42500000000000004,0.29268292682926833,0.5555555555555554,0.603448275862069,1
0.7820512820512819,0.0875,0.4390243902439025,0.25396825396825395,0.24137931034482762,3
0.14102564102564102,0.6875,0.4634146341463415,0.6666666666666665,0.7931034482758619,0
0.7564102564102564,0.11249999999999999,0.17073170731707318,0.3015873015873016,0.22413793103448287,3
0.3333333333333333,0.2125,0.5365853658536587,0.8253968253968256,0.7068965517241379,1
0.5769230769230769,0.125,0.34146341463414637,0.39682539682539675,0.27586206896551724,2
0.5897435897435896,0.0875,0.29268292682926833,0.4920634920634921,0.39655172413793105,2
0.23076923076923073,0.6125,0.3170731707317074,0.7777777777777777,0.6896551724137929,1
0.7179487179487178,0.4,0.39024390243902446,0.38095238095238093,0.2586206896551724,2
0.16666666666666663,0.6625,0.6341463414634148,0.6031746031746033,0.7586206896551724,0
0.5384615384615384,0.35000000000000003,0.39024390243902446,0.6190476190476191,0.5344827586206897,2
0.7564102564102564,0.11249999999999999,0.39024390243902446,0.3015873015873016,0.36206896551724144,3
0.8974358974358974,0.0875,0.34146341463414637,0.31746031746031733,0.15517241379310343,3
0.8205128205128205,0.0875,0.34146341463414637,0.33333333333333337,0.10344827586206906,3
0.5641025641025641,0.3375,0.5365853658536587,0.4285714285714285,0.3793103448275862,2
0.2948717948717948,0.6,0.6341463414634148,0.8095238095238093,0.7586206896551724,0
0.5641025641025641,0.24999999999999997,0.39024390243902446,0.19047619047619047,0.3793103448275862,2
0.7051282051282051,0.15,0.39024390243902446,0.2857142857142858,0.08620689655172409,2
0.5769230769230769,0.3875,0.24390243902439027,0.5079365079365079,0.4137931034482758,2
0.39743589743589736,0.55,0.4634146341463415,0.5714285714285714,0.5689655172413794,1
0.8333333333333333,0.125,0.4634146341463415,0.25396825396825395,0.2068965517241379,3
0.7307692307692307,0.11249999999999999,0.14634146341463417,0.2857142857142858,0.08620689655172409,3
0.5384615384615384,0.275,0.5121951219512196,0.47619047619047605,0.4655172413793103,2
0.6923076923076923,0.11249999999999999,0.39024390243902446,0.2222222222222222,0.12068965517241381,3
0.423076923076923,0.3875,0.29268292682926833,0.6031746031746033,0.36206896551724144,2
0.6923076923076923,0.1875,0.24390243902439027,0.31746031746031733,0.3275862068965517,3
0.4358974358974359,0.36250000000000004,0.6585365853658538,0.6984126984126984,0.6724137931034482,2
0.987179487179487,0.0375,0.29268292682926833,0.26984126984126977,0.293103448275862,3
0.8076923076923076,0.0875,0.5121951219512196,0.26984126984126977,0.24137931034482762,3
0.2564102564102564,0.625,0.4390243902439025,0.8253968253968256,0.603448275862069,1
0.8205128205128205,0.07500000000000001,0.19512195121951223,0.2063492063492064,0.06896551724137934,3
0.4487179487179487,0.5125000000000001,0.5609756097560976,0.523809523809524,0.2586206896551724,2
0.34615384615384615,0.5375,0.5365853658536587,0.8253968253968256,0.896551724137931,1
0.3589743589743589,0.525,0.4634146341463415,0.6825396825396826,0.9310344827586206,2
0.6794871794871794,0.175,0.29268292682926833,0.31746031746031733,0.051724137931034475,3
0.08974358974358973,0.775,0.7317073170731708,0.7142857142857142,0.7241379310344827,0
0.46153846153846145,0.42500000000000004,0.24390243902439027,0.1587301587301586,0.4137931034482758,2
0.46153846153846145,0.325,0.5609756097560976,0.11111111111111105,0.4137931034482758,2
0.2564102564102564,0.525,0.4390243902439025,0.6825396825396826,0.603448275862069,1
0.4871794871794871,0.325,0.34146341463414637,0.4444444444444444,0.4482758620689655,2
0.8205128205128205,0.0875,0.34146341463414637,0.25396825396825395,0.24137931034482762,3
0.5256410256410255,0.375,0.5853658536585367,0.5714285714285714,0.603448275862069,2
0.9230769230769229,0.0875,0.34146341463414637,0.25396825396825395,0.31034482758620696,3
0.5897435897435896,0.13749999999999998,0.39024390243902446,0.31746031746031733,0.13793103448275867,2
0.6282051282051282,0.36250000000000004,0.12195121951219513,0.4126984126984127,0.4655172413793103,3
0.4487179487179487,0.19999999999999998,0.39024390243902446,0.11111111111111105,0.43103448275862055,2
0.6282051282051282,0.11249999999999999,0.41463414634146345,0.2222222222222222,0.31034482758620696,2
0.9487179487179487,0.0875,0.17073170731707318,0.2222222222222222,0.15517241379310343,3
0.41025641025641024,0.4,0.48780487804878053,0.6984126984126984,0.4137931034482758,1
0.5128205128205128,0.36250000000000004,0.5853658536585367,0.5714285714285714,0.48275862068965525,2
0.23076923076923073,0.48750000000000004,0.6829268292682927,0.7777777777777777,0.7758620689655171,1
0.6282051282051282,0.2125,0.3658536585365854,0.1587301587301586,0.13793103448275867,3
0.8589743589743589,0.0875,0.21951219512195125,0.2063492063492064,0.3793103448275862,3
0.7179487179487178,0.1625,0.26829268292682934,0.17460317460317465,0.31034482758620696,3
0.5512820512820512,0.325,0.48780487804878053,0.5079365079365079,0.4137931034482758,2
0.30769230769230765,0.7125,0.6097560975609757,0.7936507936507935,0.8793103448275861,0
0.3333333333333333,0.525,0.48780487804878053,0.6825396825396826,0.6724137931034482,1
0.17948717948717946,0.6875,0.7073170731707318,0.7142857142857142,0.8448275862068966,1
0.7179487179487178,0.125,0.29268292682926833,0.23809523809523803,0.3275862068965517,2
0.37179487179487175,0.6125,0.5609756097560976,0.746031746031746,0.9310344827586206,0
0.3205128205128205,0.48750000000000004,0.3170731707317074,0.7619047619047619,0.4137931034482758,2
0.5897435897435896,0.24999999999999997,0.24390243902439027,0.25396825396825395,0.3275862068965517,2
0.9358974358974359,0.0625,0.3170731707317074,0.17460317460317465,0.06896551724137934,3
0.9102564102564101,0.0875,0.14634146341463417,0.23809523809523803,0.2586206896551724,3
0.6923076923076923,0.36250000000000004,0.24390243902439027,0.3492063492063492,0.31034482758620696,3
0.41025641025641024,0.4625,0.48780487804878053,0.39682539682539675,0.3275862068965517,1
0.2564102564102564,0.325,0.7073170731707318,0.73015873015873,0.6724137931034482,1
0.47435897435897434,0.375,0.4390243902439025,0.523809523809524,0.4482758620689655,2
0.9230769230769229,0.07500000000000001,0.19512195121951223,0.31746031746031733,0.34482758620689646,3
0.3205128205128205,0.6625,0.7073170731707318,0.857142857142857,0.7241379310344827,0
0.3846153846153846,0.325,0.6341463414634148,0.8095238095238093,0.5862068965517242,1
0.6538461538461537,0.1,0.3658536585365854,0.4126984126984127,0.24137931034482762,2
0.5,0.24999999999999997,0.48780487804878053,0.5714285714285714,0.603448275862069,2
0.2564102564102564,0.6125,0.5609756097560976,0.5555555555555554,0.7586206896551724,1
0.5769230769230769,0.23750000000000002,0.29268292682926833,0.4285714285714285,0.24137931034482762,2
0.3333333333333333,0.475,0.6829268292682927,0.746031746031746,0.3793103448275862,1
0.6794871794871794,0.0875,0.29268292682926833,0.1428571428571428,0.27586206896551724,3
0.5,0.3375,0.5365853658536587,0.6666666666666665,0.5862068965517242,1
0.2564102564102564,0.5,0.5365853658536587,0.7619047619047619,0.7413793103448276,0
0.5897435897435896,0.0875,0.4634146341463415,0.4920634920634921,0.4137931034482758,2
0.7820512820512819,0.07500000000000001,0.14634146341463417,0.2222222222222222,0.43103448275862055,3
0.7435897435897435,0.1875,0.3170731707317074,0.23809523809523803,0.22413793103448287,3
0.1923076923076923,0.85,0.6097560975609757,0.6349206349206349,0.8275862068965518,1
0.423076923076923,0.36250000000000004,0.4390243902439025,0.6825396825396826,0.4137931034482758,1
0.8974358974358974,0.07500000000000001,0.24390243902439027,0.25396825396825395,0.10344827586206906,3
0.6282051282051282,0.15,0.4634146341463415,0.31746031746031733,0.08620689655172409,2
0.6794871794871794,0.0875,0.26829268292682934,0.17460317460317465,0.2068965517241379,3
0.2948717948717948,0.525,0.6341463414634148,0.7936507936507935,0.9310344827586206,0
0.28205128205128205,0.6,0.3658536585365854,0.5079365079365079,0.5862068965517242,2
0.34615384615384615,0.3875,0.5365853658536587,0.523809523809524,0.5689655172413794,1
0.30769230769230765,0.525,0.41463414634146345,0.73015873015873,0.7931034482758619,0
0.4358974358974359,0.4375,0.7073170731707318,0.5396825396825398,0.5172413793103448,2
0.8974358974358974,0.0875,0.24390243902439027,0.25396825396825395,0.293103448275862,3
0.4358974358974359,0.5,0.5609756097560976,0.6031746031746033,0.5862068965517242,1
0.46153846153846145,0.3375,0.5365853658536587,0.09523809523809523,0.4482758620689655,2
0.5897435897435896,0.15,0.6829268292682927,0.19047619047619047,0.39655172413793105,2
0.5,0.1625,0.29268292682926833,0.1428571428571428,0.3793103448275862,2
0.6282051282051282,0.24999999999999997,0.4390243902439025,0.3492063492063492,0.10344827586206906,2
0.9358974358974359,0.1,0.19512195121951223,0.09523809523809523,0.24137931034482762,3
0.423076923076923,0.475,0.4390243902439025,0.4444444444444444,0.48275862068965525,2
0.5769230769230769,0.275,0.5609756097560976,0.523809523809524,0.48275862068965525,2
0.6666666666666666,0.23750000000000002,0.26829268292682934,0.17460317460317465,0.36206896551724144,3
0.3589743589743589,0.6,0.6585365853658538,0.6190476190476191,0.896551724137931,1
0.7820512820512819,0.0625,0.39024390243902446,0.3650793650793651,0.2586206896551724,3
0.5,0.3125,0.6097560975609757,0.5079365079365079,0.5,2
0.4487179487179487,0.4,0.48780487804878053,0.5873015873015872,0.5862068965517242,1
0.5641025641025641,0.0875,0.39024390243902446,0.5555555555555554,0.5,2
0.7051282051282051,0.125,0.17073170731707318,0.39682539682539675,0.24137931034482762,3
0.3589743589743589,0.625,0.5609756097560976,0.523809523809524,0.5,2
0.8333333333333333,0.1,0.17073170731707318,0.2063492063492064,0.10344827586206906,3
0.8846153846153846,0.1,0.19512195121951223,0.11111111111111105,0.27586206896551724,3
0.20512820512820512,0.7625000000000001,0.5609756097560976,0.8888888888888886,0.7586206896551724,1
0.30769230769230765,0.5125000000000001,0.3170731707317074,0.7619047619047619,0.6379310344827585,0
0.5897435897435896,0.125,0.39024390243902446,0.46031746031746024,0.5,2
0.6025641025641025,0.1625,0.5365853658536587,0.4444444444444444,0.4655172413793103,3
0.4358974358974359,0.5125000000000001,0.34146341463414637,0.38095238095238093,0.4137931034482758,1
0.4487179487179487,0.42500000000000004,0.41463414634146345,0.4444444444444444,0.5344827586206897,2
0.6666666666666666,0.11249999999999999,0.5365853658536587,0.3015873015873016,0.2068965517241379,3
0.6666666666666666,0.30000000000000004,0.34146341463414637,0.5396825396825398,0.4655172413793103,2
0.08974358974358973,0.8125,0.6097560975609757,0.7777777777777777,0.896551724137931,0
0.30769230769230765,0.5625,0.4390243902439025,0.6190476190476191,0.6206896551724137,1
0.5641025641025641,0.35000000000000003,0.3170731707317074,0.31746031746031733,0.293103448275862,3
0.6794871794871794,0.225,0.21951219512195125,0.3650793650793651,0.4137931034482758,3
0.2692307692307692,0.6,0.5121951219512196,0.8412698412698414,0.5862068965517242,0
0.3589743589743589,0.48750000000000004,0.6341463414634148,0.6825396825396826,0.7586206896551724,1
0.6666666666666666,0.1875,0.34146341463414637,0.3650793650793651,0.22413793103448287,3
0.30769230769230765,0.55,0.5121951219512196,0.5555555555555554,0.8103448275862071,0
0.5256410256410255,0.19999999999999998,0.4634146341463415,0.5714285714285714,0.5,2
0.4871794871794871,0.4,0.6097560975609757,0.3650793650793651,0.5689655172413794,1
0.28205128205128205,0.4625,0.29268292682926833,0.6825396825396826,0.6551724137931034,0
0.37179487179487175,0.30000000000000004,0.5121951219512196,0.7142857142857142,0.5862068965517242,1
0.2692307692307692,0.65,0.6585365853658538,0.8730158730158728,0.7068965517241379,0
0.21794871794871795,0.6625,0.5853658536585367,0.5873015873015872,0.7758620689655171,1
0.8333333333333333,0.0875,0.29268292682926833,0.2063492063492064,0.22413793103448287,3
0.41025641025641024,0.5,0.3170731707317074,0.6666666666666665,0.6551724137931034,1
0.5128205128205128,0.41250000000000003,0.5365853658536587,0.6349206349206349,0.5172413793103448,2
0.3589743589743589,0.475,0.29268292682926833,0.6507936507936507,0.27586206896551724,1
0.423076923076923,0.5750000000000001,0.5365853658536587,0.5714285714285714,0.5689655172413794,2
0.423076923076923,0.42500000000000004,0.48780487804878053,0.39682539682539675,0.5172413793103448,2
0.9487179487179487,0.049999999999999996,0.26829268292682934,0.31746031746031733,0.27586206896551724,3
0.5128205128205128,0.28750000000000003,0.4634146341463415,0.5873015873015872,0.4137931034482758,1
0.9487179487179487,0.0875,0.09756097560975611,0.3650793650793651,0.3275862068965517,3
0.3846153846153846,0.28750000000000003,0.48780487804878053,0.6349206349206349,0.5517241379310345,1
0.7692307692307692,0.07500000000000001,0.17073170731707318,0.25396825396825395,0.17241379310344818,3
0.39743589743589736,0.6,0.5853658536585367,0.746031746031746,0.6206896551724137,2
0.7564102564102564,0.2625,0.29268292682926833,0.25396825396825395,0.03448275862068961,3
0.7564102564102564,0.0875,0.29268292682926833,0.31746031746031733,0.4137931034482758,3
0.6666666666666666,0.28750000000000003,0.4634146341463415,0.1428571428571428,0.3275862068965517,3
0.6538461538461537,0.225,0.34146341463414637,0.1428571428571428,0.36206896551724144,3
0.4358974358974359,0.45,0.5609756097560976,0.6031746031746033,0.5862068965517242,2
0.7948717948717948,0.125,0.34146341463414637,0.3015873015873016,0.36206896551724144,3
0.7820512820512819,0.0625,0.26829268292682934,0.31746031746031733,0.3793103448275862,3
0.5384615384615384,0.3375,0.4634146341463415,0.38095238095238093,0.36206896551724144,2
0.7051282051282051,0.0875,0.19512195121951223,0.4126984126984127,0.24137931034482762,3
0.3205128205128205,0.7125,0.5853658536585367,0.8095238095238093,0.7413793103448276,1
0.2564102564102564,0.65,0.6829268292682927,0.6666666666666665,0.8620689655172413,1
0.8974358974358974,0.0875,0.14634146341463417,0.2857142857142858,0.36206896551724144,3
0.4358974358974359,0.6,0.48780487804878053,0.5396825396825398,0.39655172413793105,2
0.5769230769230769,0.3375,0.5609756097560976,0.3015873015873016,0.2068965517241379,3
0.3846153846153846,0.4625,0.3658536585365854,0.46031746031746024,0.4137931034482758,2
0.9230769230769229,0.0875,0.24390243902439027,0.26984126984126977,0.13793103448275867,3
0.9615384615384615,0.0375,0.26829268292682934,0.19047619047619047,0.10344827586206906,3
0.10256410256410256,0.775,0.5365853658536587,0.6031746031746033,0.7758620689655171,1
0.5256410256410255,0.2125,0.48780487804878053,0.5555555555555554,0.5172413793103448,2
0.423076923076923,0.5,0.41463414634146345,0.4444444444444444,0.4482758620689655,2
0.5897435897435896,0.325,0.3658536585365854,0.3650793650793651,0.27586206896551724,2
0.28205128205128205,0.45,0.4390243902439025,0.7142857142857142,0.896551724137931,0
0.4871794871794871,0.4375,0.29268292682926833,0.38095238095238093,0.2068965517241379,2
0.9102564102564101,0.0875,0.3658536585365854,0.25396825396825395,0.24137931034482762,3
0.5384615384615384,0.4,0.29268292682926833,0.46031746031746024,0.4137931034482758,2
0.7179487179487178,0.0625,0.4634146341463415,0.39682539682539675,0.24137931034482762,2
0.8974358974358974,0.0875,0.34146341463414637,0.3492063492063492,0.2586206896551724,3
0.8846153846153846,0.0875,0.34146341463414637,0.26984126984126977,0.293103448275862,3
0.1282051282051282,0.55,0.7317073170731708,0.9365079365079365,0.7586206896551724,0
0.4358974358974359,0.42500000000000004,0.5365853658536587,0.38095238095238093,0.5,1
0.6794871794871794,0.0875,0.17073170731707318,0.17460317460317465,0.12068965517241381,3
0.5641025641025641,0.45,0.21951219512195125,0.23809523809523803,0.24137931034482762,3
0.6666666666666666,0.15,0.21951219512195125,0.4126984126984127,0.22413793103448287,3
0.641025641025641,0.225,0.48780487804878053,0.4126984126984127,0.43103448275862055,3
0.2948717948717948,0.5375,0.48780487804878053,0.6825396825396826,0.7931034482758619,0
0.3205128205128205,0.675,0.41463414634146345,0.6666666666666665,0.6551724137931034,1
0.7564102564102564,0.1875,0.48780487804878053,0.2222222222222222,0.051724137931034475,3
0.47435897435897434,0.5375,0.39024390243902446,0.6825396825396826,0.7758620689655171,1
0.3846153846153846,0.45,0.7317073170731708,0.6507936507936507,0.39655172413793105,1
0.46153846153846145,0.3125,0.5121951219512196,0.5396825396825398,0.24137931034482762,2
0.4871794871794871,0.4,0.29268292682926833,0.5079365079365079,0.4655172413793103,1
0.4871794871794871,0.42500000000000004,0.26829268292682934,0.3650793650793651,0.5344827586206897,2
0.5897435897435896,0.19999999999999998,0.3658536585365854,0.26984126984126977,0.3275862068965517,2
0.641025641025641,0.28750000000000003,0.48780487804878053,0.23809523809523803,0.27586206896551724,3
0.3589743589743589,0.41250000000000003,0.3170731707317074,0.73015873015873,0.5862068965517242,1
0.4487179487179487,0.3375,0.5609756097560976,0.5873015873015872,0.5862068965517242,2
0.6923076923076923,0.23750000000000002,0.24390243902439027,0.2222222222222222,0.15517241379310343,3
0.4358974358974359,0.5,0.19512195121951223,0.6031746031746033,0.4137931034482758,1
0.423076923076923,0.5875,0.3658536585365854,0.6349206349206349,0.6896551724137929,1
0.6282051282051282,0.1875,0.29268292682926833,0.38095238095238093,0.5862068965517242,2
0.846153846153846,0.11249999999999999,0.39024390243902446,0.26984126984126977,0.2068965517241379,3
0.8717948717948717,0.175,0.34146341463414637,0.23809523809523803,0.293103448275862,3
0.5769230769230769,0.23750000000000002,0.21951219512195125,0.523809523809524,0.5862068965517242,3
0.6153846153846153,0.2125,0.39024390243902446,0.523809523809524,0.5,2
0.46153846153846145,0.24999999999999997,0.3658536585365854,0.5555555555555554,0.5,2
0.8589743589743589,0.0875,0.26829268292682934,0.3492063492063492,0.10344827586206906,3
0.3333333333333333,0.55,0.5365853658536587,0.746031746031746,0.7586206896551724,0
0.46153846153846145,0.375,0.3170731707317074,0.6349206349206349,0.5862068965517242,1
0.5641025641025641,0.41250000000000003,0.4634146341463415,0.5079365079365079,0.2586206896551724,3
0.7948717948717948,0.11249999999999999,0.21951219512195125,0.1269841269841271,0.31034482758620696,3
0.47435897435897434,0.45,0.29268292682926833,0.4126984126984127,0.5172413793103448,2
0.6538461538461537,0.23750000000000002,0.5121951219512196,0.4126984126984127,0.4137931034482758,2
0.6282051282051282,0.13749999999999998,0.48780487804878053,0.33333333333333337,0.2068965517241379,3
0.28205128205128205,0.55,0.6585365853658538,0.6349206349206349,0.9310344827586206,1
0.6025641025641025,0.175,0.5853658536585367,0.25396825396825395,0.08620689655172409,3
0.6538461538461537,0.0875,0.48780487804878053,0.1428571428571428,0.08620689655172409,3
0.6538461538461537,0.13749999999999998,0.6097560975609757,0.39682539682539675,0.4137931034482758,3
0.8205128205128205,0.0625,0.34146341463414637,0.3492063492063492,0.18965517241379315,3
0.6153846153846153,0.025,0.34146341463414637,0.4126984126984127,0.24137931034482762,2
0.5512820512820512,0.24999999999999997,0.5609756097560976,0.26984126984126977,0.4137931034482758,2
0.8333333333333333,0.0625,0.09756097560975611,0.2857142857142858,0.12068965517241381,3
0.6538461538461537,0.13749999999999998,0.4390243902439025,0.25396825396825395,0.24137931034482762,3
0.37179487179487175,0.36250000000000004,0.4634146341463415,0.5714285714285714,0.7413793103448276,1
0.7564102564102564,0.15,0.26829268292682934,0.26984126984126977,0.2586206896551724,3
0.2564102564102564,0.41250000000000003,0.8292682926829269,0.7142857142857142,0.603448275862069,0
0.17948717948717946,0.75,0.48780487804878053,0.5714285714285714,0.6206896551724137,1
0.641025641025641,0.36250000000000004,0.3170731707317074,0.38095238095238093,0.3793103448275862,3
0.5384615384615384,0.1875,0.41463414634146345,0.4444444444444444,0.603448275862069,2
0.6666666666666666,0.15,0.24390243902439027,0.38095238095238093,0.2068965517241379,3
0.3333333333333333,0.4,0.21951219512195125,0.7619047619047619,0.7586206896551724,1
0.6153846153846153,0.2625,0.3170731707317074,0.3650793650793651,0.15517241379310343,2
0.4358974358974359,0.45,0.34146341463414637,0.4285714285714285,0.39655172413793105,1
0.2692307692307692,0.5,0.5853658536585367,0.7936507936507935,0.5862068965517242,0
0.6666666666666666,0.11249999999999999,0.17073170731707318,0.4444444444444444,0.24137931034482762,2
0.3589743589743589,0.3875,0.6097560975609757,0.5079365079365079,0.5689655172413794,1
0.8589743589743589,0.15,0.3170731707317074,0.17460317460317465,0.293103448275862,3
0.9487179487179487,0.0875,0.21951219512195125,0.1587301587301586,0.34482758620689646,3
0.15384615384615385,0.5125000000000001,0.5609756097560976,0.6190476190476191,0.8620689655172413,0
0.4487179487179487,0.13749999999999998,0.8292682926829269,0.33333333333333337,0.39655172413793105,2
0.4871794871794871,0.30000000000000004,0.24390243902439027,0.5555555555555554,0.5862068965517242,1
0.3589743589743589,0.6,0.6829268292682927,0.6984126984126984,0.7241379310344827,1
0.47435897435897434,0.2625,0.14634146341463417,0.47619047619047605,0.4655172413793103,2
0.9487179487179487,0.0875,0.14634146341463417,0.3650793650793651,0.24137931034482762,3
0.15384615384615385,0.7125,0.5121951219512196,0.8095238095238093,0.9310344827586206,0
0.41025641025641024,0.42500000000000004,0.6097560975609757,0.6984126984126984,0.603448275862069,2
0.6153846153846153,0.2625,0.4390243902439025,0.25396825396825395,0.24137931034482762,3
0.7948717948717948,0.0625,0.4390243902439025,0.4126984126984127,0.22413793103448287,3
0.423076923076923,0.4,0.5609756097560976,0.5873015873015872,0.5862068965517242,1
0.5384615384615384,0.4,0.48780487804878053,0.5396825396825398,0.5344827586206897,2
0.7692307692307692,0.225,0.5853658536585367,0.3650793650793651,0.08620689655172409,3
0.8589743589743589,0.07500000000000001,0.24390243902439027,0.2063492063492064,0.4482758620689655,3
0.9102564102564101,0.11249999999999999,0.26829268292682934,0.2063492063492064,0.10344827586206906,3
0.34615384615384615,0.5375,0.5121951219512196,0.746031746031746,0.39655172413793105,0
0.46153846153846145,0.5125000000000001,0.26829268292682934,0.6031746031746033,0.5689655172413794,1
0.34615384615384615,0.48750000000000004,0.6829268292682927,0.5079365079365079,0.48275862068965525,1
0.16666666666666663,0.7125,0.5365853658536587,0.5714285714285714,0.6551724137931034,1
0.6282051282051282,0.375,0.48780487804878053,0.523809523809524,0.4655172413793103,2
0.28205128205128205,0.3875,0.39024390243902446,0.8253968253968256,0.8620689655172413,0
0.6025641025641025,0.175,0.48780487804878053,0.47619047619047605,0.4137931034482758,2
0.6282051282051282,0.41250000000000003,0.04878048780487806,0.38095238095238093,0.4137931034482758,2
0.6923076923076923,0.07500000000000001,0.29268292682926833,0.2857142857142858,0.15517241379310343,3
0.15384615384615385,0.5125000000000001,0.6585365853658538,0.9523809523809523,0.7241379310344827,0
0.5769230769230769,0.15,0.29268292682926833,0.3015873015873016,0.24137931034482762,3
0.641025641025641,0.11249999999999999,0.4634146341463415,0.2857142857142858,0.2586206896551724,3
0.5512820512820512,0.23750000000000002,0.41463414634146345,0.5396825396825398,0.43103448275862055,2
0.5641025641025641,0.375,0.4634146341463415,0.3650793650793651,0.39655172413793105,2
0.28205128205128205,0.7125,0.7560975609756099,0.6031746031746033,0.7068965517241379,0
0.8076923076923076,0.0625,0.39024390243902446,0.31746031746031733,0.36206896551724144,3
0.7692307692307692,0.0875,0.34146341463414637,0.23809523809523803,0.2068965517241379,3
0.8717948717948717,0.11249999999999999,0.07317073170731708,0.25396825396825395,0.4137931034482758,3
0.30769230769230765,0.475,0.48780487804878053,0.8412698412698414,0.6724137931034482,1
0.4358974358974359,0.28750000000000003,0.34146341463414637,0.4285714285714285,0.4655172413793103,2
0.4871794871794871,0.45,0.21951219512195125,0.6349206349206349,0.5344827586206897,1
0.8205128205128205,0.07500000000000001,0.48780487804878053,0.33333333333333337,0.34482758620689646,2
0.34615384615384615,0.23750000000000002,0.5365853658536587,0.6666666666666665,0.7241379310344827,1
0.7564102564102564,0.0875,0.21951219512195125,0.26984126984126977,0.4137931034482758,3
0.4871794871794871,0.5375,0.41463414634146345,0.6031746031746033,0.4137931034482758,1
0.37179487179487175,0.4625,0.6829268292682927,0.39682539682539675,0.4137931034482758,1
0.37179487179487175,0.5375,0.7317073170731708,0.5555555555555554,0.8103448275862071,1
0.34615384615384615,0.675,0.48780487804878053,0.8253968253968256,0.9310344827586206,1
0.46153846153846145,0.35000000000000003,0.902439024390244,0.6031746031746033,0.7586206896551724,1
0.5128205128205128,0.28750000000000003,0.3170731707317074,0.4920634920634921,0.3793103448275862,1
0.641025641025641,0.3875,0.39024390243902446,0.5079365079365079,0.5,2
0.2692307692307692,0.65,0.6829268292682927,0.8412698412698414,0.7586206896551724,0
0.3205128205128205,0.6,0.6585365853658538,0.7777777777777777,0.5862068965517242,1
0.6153846153846153,0.13749999999999998,0.3658536585365854,0.2063492063492064,0.36206896551724144,2
0.6923076923076923,0.1875,0.26829268292682934,0.3650793650793651,0.4482758620689655,3
0.7948717948717948,0.0875,0.3170731707317074,0.23809523809523803,0.17241379310344818,2
0.3846153846153846,0.48750000000000004,0.4634146341463415,0.6349206349206349,0.7241379310344827,1
0.8333333333333333,0.0875,0.07317073170731708,0.17460317460317465,0.4137931034482758,3
0.6794871794871794,0.225,0.5609756097560976,0.31746031746031733,0.10344827586206906,3
0.11538461538461536,0.875,0.6829268292682927,0.6666666666666665,0.7413793103448276,0
0.34615384615384615,0.675,0.7073170731707318,0.746031746031746,0.5862068965517242,1
0.3205128205128205,0.8,0.26829268292682934,0.4920634920634921,0.5689655172413794,2
0.423076923076923,0.28750000000000003,0.5365853658536587,0.5873015873015872,0.24137931034482762,1
0.641025641025641,0.225,0.4390243902439025,0.33333333333333337,0.22413793103448287,3
0.5128205128205128,0.24999999999999997,0.6097560975609757,0.5079365079365079,0.5,2
0.6153846153846153,0.35000000000000003,0.5121951219512196,0.3650793650793651,0.5344827586206897,3
0.7307692307692307,0.28750000000000003,0.24390243902439027,0.1587301587301586,0.39655172413793105,3
0.2692307692307692,0.42500000000000004,0.5853658536585367,0.857142857142857,0.6724137931034482,0
0.47435897435897434,0.3375,0.29268292682926833,0.5873015873015872,0.5344827586206897,2
0.1282051282051282,0.875,0.7073170731707318,0.5555555555555554,0.7068965517241379,0
0.5897435897435896,0.30000000000000004,0.4390243902439025,0.3492063492063492,0.27586206896551724,2
0.5512820512820512,0.3875,0.34146341463414637,0.31746031746031733,0.2586206896551724,3
0.4871794871794871,0.4625,0.29268292682926833,0.5555555555555554,0.4482758620689655,1
0.47435897435897434,0.3125,0.6097560975609757,0.3492063492063492,0.4137931034482758,2
0.47435897435897434,0.4375,0.4390243902439025,0.5714285714285714,0.5862068965517242,1
0.641025641025641,0.11249999999999999,0.48780487804878053,0.31746031746031733,0.13793103448275867,3
0.6666666666666666,0.1625,0.5121951219512196,0.3650793650793651,0.22413793103448287,3
0.5512820512820512,0.225,0.34146341463414637,0.5396825396825398,0.4482758620689655,1
0.2564102564102564,0.6375000000000001,0.8048780487804879,0.5555555555555554,0.6551724137931034,1
0.6025641025641025,0.0875,0.4390243902439025,0.46031746031746024,0.24137931034482762,2
0.4358974358974359,0.5625,0.29268292682926833,0.6349206349206349,0.7586206896551724,2
0.2692307692307692,0.7000000000000001,0.39024390243902446,0.7777777777777777,0.8448275862068966,1
0.8974358974358974,0.0875,0.17073170731707318,0.31746031746031733,0.4137931034482758,3
0.8076923076923076,0.11249999999999999,0.29268292682926833,0.17460317460317465,0.17241379310344818,3
0.7307692307692307,0.0875,0.5609756097560976,0.3492063492063492,0.17241379310344818,3
0.5384615384615384,0.30000000000000004,0.34146341463414637,0.5079365079365079,0.4137931034482758,3
0.5384615384615384,0.5125000000000001,0.5609756097560976,0.26984126984126977,0.4137931034482758,2
0.641025641025641,0.0875,0.3170731707317074,0.33333333333333337,0.18965517241379315,2
0.8076923076923076,0.1,0.19512195121951223,0.33333333333333337,0.18965517241379315,3
0.5128205128205128,0.2125,0.4634146341463415,0.5079365079365079,0.4655172413793103,1
0.37179487179487175,0.275,0.6341463414634148,0.6984126984126984,0.4137931034482758,1
0.8333333333333333,0.0875,0.26829268292682934,0.31746031746031733,0.4137931034482758,3
0.30769230769230765,0.7125,0.5609756097560976,0.8095238095238093,0.7241379310344827,1
0.5769230769230769,0.23750000000000002,0.4634146341463415,0.4920634920634921,0.5517241379310345,2
0.5769230769230769,0.1875,0.5609756097560976,0.3492063492063492,0.4137931034482758,3
0.16666666666666663,0.7625000000000001,0.7073170731707318,0.6825396825396826,0.896551724137931,0
0.6923076923076923,0.0625,0.5853658536585367,0.1587301587301586,0.2068965517241379,3
0.5641025641025641,0.325,0.4634146341463415,0.4920634920634921,0.4137931034482758,2
0.5256410256410255,0.24999999999999997,0.39024390243902446,0.46031746031746024,0.4137931034482758,2
0.8076923076923076,0.0875,0.26829268292682934,0.23809523809523803,0.08620689655172409,3
0.3589743589743589,0.6375000000000001,0.34146341463414637,0.6190476190476191,0.5862068965517242,1
0.3589743589743589,0.5375,0.4634146341463415,0.5714285714285714,0.9137931034482758,0
0.5384615384615384,0.4375,0.39024390243902446,0.5873015873015872,0.43103448275862055,2
0.24358974358974356,0.6375000000000001,0.5853658536585367,0.6825396825396826,0.7413793103448276,1
0.6794871794871794,0.1875,0.26829268292682934,0.33333333333333337,0.34482758620689646,3
0.2564102564102564,0.6125,0.48780487804878053,0.8412698412698414,0.603448275862069,1
0.7435897435897435,0.049999999999999996,0.5365853658536587,0.2063492063492064,0.36206896551724144,3
0.5128205128205128,0.1625,0.41463414634146345,0.4126984126984127,0.5344827586206897,2
0.423076923076923,0.4625,0.6585365853658538,0.47619047619047605,0.5344827586206897,1
0.07692307692307693,0.7625000000000001,0.5365853658536587,0.6984126984126984,0.896551724137931,0
0.47435897435897434,0.45,0.3658536585365854,0.3492063492063492,0.4137931034482758,2
0.5769230769230769,0.15,0.48780487804878053,0.5079365079365079,0.4482758620689655,2
0.6794871794871794,0.0875,0.14634146341463417,0.2857142857142858,0.4137931034482758,3
0.30769230769230765,0.5375,0.4634146341463415,0.8095238095238093,0.6379310344827585,0
0.6666666666666666,0.23750000000000002,0.24390243902439027,0.3650793650793651,0.4137931034482758,3
0.3205128205128205,0.525,0.39024390243902446,0.5079365079365079,0.603448275862069,1
0.37179487179487175,0.3125,0.4390243902439025,0.47619047619047605,0.5689655172413794,2
0.34615384615384615,0.36250000000000004,0.5609756097560976,0.7936507936507935,0.6551724137931034,1
0.5128205128205128,0.15,0.4390243902439025,0.6031746031746033,0.5344827586206897,1
0.423076923076923,0.35000000000000003,0.6097560975609757,0.523809523809524,0.2068965517241379,2
0.8717948717948717,0.11249999999999999,0.34146341463414637,0.26984126984126977,0.22413793103448287,3
0.37179487179487175,0.4625,0.5365853658536587,0.47619047619047605,0.5689655172413794,1
0.3205128205128205,0.48750000000000004,0.39024390243902446,0.8095238095238093,0.7931034482758619,1
0.5,0.5375,0.34146341463414637,0.6190476190476191,0.3793103448275862,1
0.6153846153846153,0.19999999999999998,0.12195121951219513,0.3492063492063492,0.2586206896551724,3
0.47435897435897434,0.4,0.3170731707317074,0.5714285714285714,0.5862068965517242,1
0.1282051282051282,0.6,0.7317073170731708,0.6031746031746033,0.6896551724137929,0
0.3589743589743589,0.36250000000000004,0.6341463414634148,0.6190476190476191,0.5689655172413794,1
0.2948717948717948,0.48750000000000004,0.4390243902439025,0.6984126984126984,0.7586206896551724,2
0.37179487179487175,0.475,0.6097560975609757,0.73015873015873,0.5862068965517242,0
0.8205128205128205,0.1,0.14634146341463417,0.2857142857142858,0.10344827586206906,3
0.6153846153846153,0.41250000000000003,0.3658536585365854,0.4444444444444444,0.22413793103448287,2
0.39743589743589736,0.5750000000000001,0.5609756097560976,0.6984126984126984,0.5862068965517242,2
0.6666666666666666,0.1875,0.24390243902439027,0.23809523809523803,0.17241379310344818,3
0.7051282051282051,0.15,0.3658536585365854,0.3492063492063492,0.24137931034482762,3
0.8333333333333333,0.0875,0.5365853658536587,0.2857142857142858,0.3275862068965517,3
0.7948717948717948,0.0875,0.24390243902439027,0.17460317460317465,0.31034482758620696,3
0.2564102564102564,0.7625000000000001,0.5609756097560976,0.7936507936507935,0.6896551724137929,1
0.30769230769230765,0.5375,0.5609756097560976,0.6507936507936507,0.7241379310344827,1
0.2948717948717948,0.5875,0.5609756097560976,0.8412698412698414,0.6206896551724137,0
0.08974358974358973,0.725,0.7804878048780489,0.8095238095238093,0.6551724137931034,0
0.39743589743589736,0.375,0.5365853658536587,0.73015873015873,0.4137931034482758,1
0.3589743589743589,0.4,0.6097560975609757,0.73015873015873,0.603448275862069,1
0.9102564102564101,0.125,0.24390243902439027,0.33333333333333337,0.12068965517241381,3
0.7435897435897435,0.13749999999999998,0.4390243902439025,0.4444444444444444,0.3275862068965517,3
0.5128205128205128,0.36250000000000004,0.3658536585365854,0.5555555555555554,0.4655172413793103,1
0.47435897435897434,0.4375,0.39024390243902446,0.5079365079365079,0.4137931034482758,2
0.20512820512820512,0.6,0.34146341463414637,0.7619047619047619,0.7068965517241379,1
0.3589743589743589,0.6875,0.6585365853658538,0.73015873015873,0.8448275862068966,1
0.8974358974358974,0.0875,0.19512195121951223,0.25396825396825395,0.18965517241379315,3
0.6538461538461537,0.3125,0.5853658536585367,0.1428571428571428,0.3793103448275862,3
0.39743589743589736,0.23750000000000002,0.5609756097560976,0.6666666666666665,0.4137931034482758,1
0.4358974358974359,0.225,0.48780487804878053,0.5873015873015872,0.43103448275862055,1
0.16666666666666663,0.625,0.6341463414634148,0.6031746031746033,0.7413793103448276,0
0.30769230769230765,0.5750000000000001,0.6341463414634148,0.746031746031746,0.4137931034482758,1
0.4871794871794871,0.325,0.3170731707317074,0.33333333333333337,0.4137931034482758,2
0.41025641025641024,0.275,0.5121951219512196,0.6666666666666665,0.7586206896551724,2
0.641025641025641,0.5125000000000001,0.3170731707317074,0.5714285714285714,0.5862068965517242,1
0.7564102564102564,0.0875,0.24390243902439027,0.2857142857142858,0.24137931034482762,3
1.0,0.1,0.04878048780487806,0.0,0.24137931034482762,3
0.23076923076923073,0.6625,0.6829268292682927,0.6190476190476191,0.8793103448275861,1
0.6666666666666666,0.1,0.41463414634146345,0.39682539682539675,0.2586206896551724,3
0.6025641025641025,0.4375,0.41463414634146345,0.46031746031746024,0.4482758620689655,2
0.423076923076923,0.36250000000000004,0.6341463414634148,0.6190476190476191,0.5689655172413794,2
0.4871794871794871,0.28750000000000003,0.4634146341463415,0.39682539682539675,0.5,2
0.5512820512820512,0.3375,0.34146341463414637,0.33333333333333337,0.4137931034482758,2
0.24358974358974356,0.7000000000000001,0.5853658536585367,0.9365079365079365,0.7758620689655171,0
0.5769230769230769,0.1875,0.4390243902439025,0.4920634920634921,0.43103448275862055,2
0.37179487179487175,0.4,0.6341463414634148,0.6984126984126984,0.5862068965517242,1
0.5,0.42500000000000004,0.29268292682926833,0.5396825396825398,0.5517241379310345,2
0.2564102564102564,0.4375,0.26829268292682934,0.73015873015873,0.7758620689655171,1
0.8076923076923076,0.1,0.0,0.25396825396825395,0.10344827586206906,3
0.1923076923076923,0.6375000000000001,0.41463414634146345,0.9047619047619049,0.7586206896551724,0
0.5897435897435896,0.24999999999999997,0.5609756097560976,0.523809523809524,0.4137931034482758,2
0.46153846153846145,0.4375,0.4390243902439025,0.6507936507936507,0.6379310344827585,2
0.37179487179487175,0.48750000000000004,0.5121951219512196,0.5873015873015872,0.96551724137931,1
0.46153846153846145,0.45,0.5853658536585367,0.6190476190476191,0.5862068965517242,1
0.4487179487179487,0.4375,0.4634146341463415,0.46031746031746024,0.5344827586206897,2
0.34615384615384615,0.6625,0.4390243902439025,0.6825396825396826,0.6379310344827585,1
0.5897435897435896,0.45,0.39024390243902446,0.3650793650793651,0.5517241379310345,2
0.8589743589743589,0.0875,0.4390243902439025,0.2857142857142858,0.13793103448275867,3
0.8974358974358974,0.0875,0.21951219512195125,0.23809523809523803,0.293103448275862,3
0.7948717948717948,0.0875,0.3658536585365854,0.33333333333333337,0.06896551724137934,3
0.23076923076923073,0.8375,0.6829268292682927,0.6507936507936507,0.9137931034482758,0
0.5384615384615384,0.4,0.6585365853658538,0.5079365079365079,0.5689655172413794,2
0.41025641025641024,0.35000000000000003,0.6341463414634148,0.39682539682539675,0.5,2
0.39743589743589736,0.41250000000000003,0.5853658536585367,0.5873015873015872,0.7413793103448276,1
0.6153846153846153,0.3375,0.3658536585365854,0.5396825396825398,0.48275862068965525,2
0.6025641025641025,0.275,0.41463414634146345,0.5079365079365079,0.5172413793103448,2
0.3333333333333333,0.48750000000000004,0.3658536585365854,0.9047619047619049,0.9310344827586206,1
0.21794871794871795,0.6375000000000001,0.6341463414634148,0.6031746031746033,0.6379310344827585,0
0.8076923076923076,0.0875,0.21951219512195125,0.1587301587301586,0.15517241379310343,3
0.5641025641025641,0.375,0.5609756097560976,0.4920634920634921,0.5172413793103448,2
0.846153846153846,0.0625,0.3170731707317074,0.3650793650793651,0.2068965517241379,3
0.24358974358974356,0.5625,0.7317073170731708,0.8412698412698414,0.7586206896551724,0
0.17948717948717946,0.5625,0.39024390243902446,0.8095238095238093,0.6206896551724137,0
0.4871794871794871,0.30000000000000004,0.6585365853658538,0.3492063492063492,0.48275862068965525,2
0.5384615384615384,0.3875,0.3170731707317074,0.47619047619047605,0.24137931034482762,2
0.5256410256410255,0.4375,0.5365853658536587,0.26984126984126977,0.3793103448275862,2
0.641025641025641,0.2625,0.39024390243902446,0.17460317460317465,0.3275862068965517,3
0.7820512820512819,0.15,0.3170731707317074,0.3492063492063492,0.2068965517241379,3
0.4871794871794871,0.525,0.5121951219512196,0.4444444444444444,0.5172413793103448,2
0.846153846153846,0.025,0.34146341463414637,0.38095238095238093,0.3793103448275862,3
0.7564102564102564,0.1,0.3170731707317074,0.2222222222222222,0.34482758620689646,3
0.6538461538461537,0.19999999999999998,0.5121951219512196,0.26984126984126977,0.36206896551724144,2
0.5384615384615384,0.1875,0.19512195121951223,0.6031746031746033,0.4482758620689655,1
0.8205128205128205,0.15,0.39024390243902446,0.2063492063492064,0.12068965517241381,3
0.8076923076923076,0.1,0.07317073170731708,0.2857142857142858,0.4482758620689655,3
0.8333333333333333,0.11249999999999999,0.4390243902439025,0.33333333333333337,0.22413793103448287,3
0.5384615384615384,0.275,0.34146341463414637,0.5079365079365079,0.31034482758620696,2
0.641025641025641,0.175,0.5121951219512196,0.3492063492063492,0.22413793103448287,2
0.7051282051282051,0.1,0.4390243902439025,0.33333333333333337,0.3275862068965517,3
0.30769230769230765,0.625,0.5609756097560976,0.6825396825396826,0.8103448275862071,1
0.37179487179487175,0.5625,0.5853658536585367,0.5396825396825398,0.4655172413793103,1
0.8076923076923076,0.0875,0.12195121951219513,0.3492063492063492,0.293103448275862,3
0.6282051282051282,0.275,0.21951219512195125,0.3650793650793651,0.13793103448275867,2
0.7435897435897435,0.35000000000000003,0.4390243902439025,0.39682539682539675,0.27586206896551724,3
0.5384615384615384,0.28750000000000003,0.3658536585365854,0.5396825396825398,0.4137931034482758,2
0.3333333333333333,0.6375000000000001,0.6829268292682927,0.6349206349206349,0.7931034482758619,1
0.5512820512820512,0.1875,0.48780487804878053,0.3492063492063492,0.22413793103448287,3
0.4487179487179487,0.3125,0.4390243902439025,0.47619047619047605,0.5517241379310345,2
0.46153846153846145,0.5750000000000001,0.41463414634146345,0.5714285714285714,0.5862068965517242,2
0.6025641025641025,0.19999999999999998,0.26829268292682934,0.47619047619047605,0.48275862068965525,2
0.6282051282051282,0.2125,0.34146341463414637,0.31746031746031733,0.17241379310344818,2
0.34615384615384615,0.55,0.6097560975609757,0.73015873015873,0.43103448275862055,0
0.8205128205128205,0.0875,0.39024390243902446,0.17460317460317465,0.4137931034482758,3
0.6923076923076923,0.125,0.3170731707317074,0.3650793650793651,0.13793103448275867,3
0.41025641025641024,0.5,0.41463414634146345,0.6825396825396826,0.5344827586206897,1
0.5641025641025641,0.15,0.4634146341463415,0.2857142857142858,0.3793103448275862,2
0.7948717948717948,0.0875,0.39024390243902446,0.31746031746031733,0.34482758620689646,3
0.7564102564102564,0.0875,0.26829268292682934,0.3650793650793651,0.17241379310344818,3
0.6666666666666666,0.2125,0.39024390243902446,0.39682539682539675,0.31034482758620696,3
0.6538461538461537,0.24999999999999997,0.14634146341463417,0.19047619047619047,0.39655172413793105,3
0.41025641025641024,0.5125000000000001,0.5121951219512196,0.4285714285714285,0.43103448275862055,2
0.7307692307692307,0.0625,0.34146341463414637,0.33333333333333337,0.12068965517241381,2
0.7307692307692307,0.125,0.14634146341463417,0.38095238095238093,0.24137931034482762,3
0.4487179487179487,0.5125000000000001,0.7073170731707318,0.3492063492063492,0.4655172413793103,2
0.7179487179487178,0.1,0.14634146341463417,0.4126984126984127,0.48275862068965525,3
0.4358974358974359,0.42500000000000004,0.3170731707317074,0.5714285714285714,0.6551724137931034,2
0.5641025641025641,0.42500000000000004,0.3170731707317074,0.3015873015873016,0.24137931034482762,3
0.34615384615384615,0.65,0.4634146341463415,0.7619047619047619,0.6206896551724137,1
0.4871794871794871,0.2625,0.48780487804878053,0.38095238095238093,0.48275862068965525,3
0.39743589743589736,0.48750000000000004,0.5121951219512196,0.6825396825396826,0.5862068965517242,1
0.1923076923076923,0.5375,0.5609756097560976,0.5079365079365079,0.7413793103448276,0
0.39743589743589736,0.3125,0.3170731707317074,0.746031746031746,0.603448275862069,1
0.46153846153846145,0.275,0.48780487804878053,0.6349206349206349,0.5862068965517242,2
0.24358974358974356,0.5375,0.3658536585365854,0.8253968253968256,0.7068965517241379,1
0.47435897435897434,0.41250000000000003,0.4634146341463415,0.3650793650793651,0.4137931034482758,2
0.6025641025641025,0.28750000000000003,0.4634146341463415,0.38095238095238093,0.18965517241379315,3
0.7435897435897435,0.0875,0.24390243902439027,0.3015873015873016,0.24137931034482762,3
0.3333333333333333,0.275,0.5853658536585367,0.7777777777777777,0.603448275862069,1
0.5897435897435896,0.0875,0.29268292682926833,0.4285714285714285,0.4137931034482758,3
0.5897435897435896,0.1625,0.29268292682926833,0.4920634920634921,0.4137931034482758,2
0.7435897435897435,0.0875,0.34146341463414637,0.3492063492063492,0.03448275862068961,3
0.1282051282051282,0.775,0.7073170731707318,0.857142857142857,0.5862068965517242,0
0.8076923076923076,0.1,0.39024390243902446,0.3015873015873016,0.08620689655172409,3
0.41025641025641024,0.4625,0.5365853658536587,0.7142857142857142,0.603448275862069,1
0.5897435897435896,0.5,0.48780487804878053,0.4444444444444444,0.5172413793103448,2
0.6794871794871794,0.125,0.26829268292682934,0.38095238095238093,0.24137931034482762,3
0.6025641025641025,0.28750000000000003,0.48780487804878053,0.3015873015873016,0.15517241379310343,3
0.4871794871794871,0.375,0.48780487804878053,0.5555555555555554,0.5344827586206897,2
0.16666666666666663,0.4375,0.41463414634146345,0.6825396825396826,0.8448275862068966,0
0.4487179487179487,0.4,0.3658536585365854,0.5714285714285714,0.5,1
0.47435897435897434,0.36250000000000004,0.5853658536585367,0.523809523809524,0.24137931034482762,2
0.5512820512820512,0.28750000000000003,0.5609756097560976,0.4285714285714285,0.5172413793103448,2
0.6025641025641025,0.36250000000000004,0.4390243902439025,0.46031746031746024,0.4137931034482758,2
0.08974358974358973,0.6875,0.7804878048780489,0.5396825396825398,0.9137931034482758,1
0.5641025641025641,0.2625,0.4634146341463415,0.3015873015873016,0.24137931034482762,2
0.5769230769230769,0.475,0.5365853658536587,0.3015873015873016,0.4137931034482758,2
0.30769230769230765,0.675,0.6829268292682927,0.857142857142857,0.7758620689655171,0
0.1923076923076923,0.5750000000000001,0.5609756097560976,0.7936507936507935,0.7758620689655171,1
0.7692307692307692,0.24999999999999997,0.34146341463414637,0.4126984126984127,0.08620689655172409,3
0.6025641025641025,0.3125,0.21951219512195125,0.5714285714285714,0.48275862068965525,3
0.21794871794871795,0.65,0.4634146341463415,0.7777777777777777,0.6896551724137929,0
0.5128205128205128,0.42500000000000004,0.48780487804878053,0.5873015873015872,0.4482758620689655,2
0.4358974358974359,0.35000000000000003,0.5609756097560976,0.6666666666666665,0.5862068965517242,2
0.8974358974358974,0.07500000000000001,0.24390243902439027,0.2857142857142858,0.2586206896551724,3
0.6025641025641025,0.3375,0.3658536585365854,0.4920634920634921,0.39655172413793105,3
0.47435897435897434,0.13749999999999998,0.8048780487804879,0.3650793650793651,0.4137931034482758,2
0.6538461538461537,0.42500000000000004,0.41463414634146345,0.6190476190476191,0.5,3
0.7820512820512819,0.125,0.3170731707317074,0.1587301587301586,0.3275862068965517,3
0.23076923076923073,0.7125,0.5365853658536587,0.6031746031746033,0.6551724137931034,1
0.7564102564102564,0.1625,0.12195121951219513,0.33333333333333337,0.17241379310344818,3
0.2564102564102564,0.5375,0.5853658536585367,0.5555555555555554,0.7586206896551724,0
0.8717948717948717,0.0875,0.12195121951219513,0.25396825396825395,0.27586206896551724,3
0.6923076923076923,0.0875,0.4634146341463415,0.1428571428571428,0.31034482758620696,3
0.5897435897435896,0.1875,0.4634146341463415,0.4920634920634921,0.5,3
0.3333333333333333,0.675,0.6829268292682927,0.73015873015873,0.896551724137931,0
0.6025641025641025,0.1625,0.24390243902439027,0.38095238095238093,0.603448275862069,2
0.6923076923076923,0.28750000000000003,0.41463414634146345,0.46031746031746024,0.293103448275862,2
0.6923076923076923,0.125,0.3170731707317074,0.3492063492063492,0.10344827586206906,3
0.7307692307692307,0.11249999999999999,0.6097560975609757,0.3492063492063492,0.2586206896551724,2
0.2948717948717948,0.625,0.5609756097560976,0.7936507936507935,0.7758620689655171,0
0.7820512820512819,0.0875,0.09756097560975611,0.38095238095238093,0.15517241379310343,3
0.5512820512820512,0.30000000000000004,0.3170731707317074,0.5079365079365079,0.39655172413793105,2
0.5769230769230769,0.30000000000000004,0.3658536585365854,0.4920634920634921,0.4137931034482758,2
0.8589743589743589,0.1,0.29268292682926833,0.26984126984126977,0.2586206896551724,3
0.6794871794871794,0.19999999999999998,0.29268292682926833,0.47619047619047605,0.36206896551724144,3
0.2692307692307692,0.4375,0.3170731707317074,0.8095238095238093,0.7586206896551724,1
0.6153846153846153,0.275,0.4390243902439025,0.47619047619047605,0.48275862068965525,2
0.3333333333333333,0.6375000000000001,0.4390243902439025,0.5555555555555554,0.5862068965517242,2
0.4487179487179487,0.4375,0.3658536585365854,0.6190476190476191,0.5862068965517242,2
0.39743589743589736,0.36250000000000004,0.39024390243902446,0.7142857142857142,0.5689655172413794,1
0.5769230769230769,0.4625,0.41463414634146345,0.47619047619047605,0.5344827586206897,2
0.2564102564102564,0.5875,0.5365853658536587,0.857142857142857,0.5862068965517242,0
0.6794871794871794,0.11249999999999999,0.39024390243902446,0.39682539682539675,0.2586206896551724,3
0.6666666666666666,0.30000000000000004,0.21951219512195125,0.23809523809523803,0.24137931034482762,3
0.8846153846153846,0.1875,0.41463414634146345,0.38095238095238093,0.3275862068965517,3
0.41025641025641024,0.4,0.26829268292682934,0.6984126984126984,0.27586206896551724,1
0.8846153846153846,0.0875,0.3170731707317074,0.31746031746031733,0.293103448275862,3
0.423076923076923,0.48750000000000004,0.39024390243902446,0.4444444444444444,0.48275862068965525,1
0.8589743589743589,0.175,0.26829268292682934,0.1587301587301586,0.24137931034482762,3
0.2692307692307692,0.7000000000000001,0.6097560975609757,0.5079365079365079,0.5862068965517242,1
0.4487179487179487,0.42500000000000004,0.6585365853658538,0.6031746031746033,0.3793103448275862,2
0.5769230769230769,0.2625,0.41463414634146345,0.33333333333333337,0.22413793103448287,2
0.7692307692307692,0.175,0.3170731707317074,0.3492063492063492,0.06896551724137934,3
0.34615384615384615,0.6,0.5853658536585367,0.7619047619047619,0.7241379310344827,1
0.4871794871794871,0.4,0.29268292682926833,0.5555555555555554,0.5862068965517242,1
0.7435897435897435,0.07500000000000001,0.39024390243902446,0.19047619047619047,0.4137931034482758,3
0.5769230769230769,0.36250000000000004,0.48780487804878053,0.4920634920634921,0.4482758620689655,3
0.5256410256410255,0.5625,0.39024390243902446,0.4444444444444444,0.18965517241379315,1
0.2948717948717948,0.6375000000000001,0.4390243902439025,0.7142857142857142,0.603448275862069,1
0.7051282051282051,0.0875,0.4390243902439025,0.46031746031746024,0.24137931034482762,3
0.47435897435897434,0.4,0.3170731707317074,0.5714285714285714,0.5862068965517242,1
0.0641025641025641,0.75,0.853658536585366,0.73015873015873,0.7931034482758619,0
0.28205128205128205,0.725,0.6829268292682927,0.8095238095238093,0.896551724137931,0
0.6282051282051282,0.28750000000000003,0.5365853658536587,0.5079365079365079,0.5,2
0.7564102564102564,0.0875,0.29268292682926833,0.39682539682539675,0.18965517241379315,3
0.5512820512820512,0.30000000000000004,0.39024390243902446,0.4444444444444444,0.5172413793103448,2
0.5384615384615384,0.225,0.4390243902439025,0.4444444444444444,0.5862068965517242,2
0.5384615384615384,0.36250000000000004,0.41463414634146345,0.5079365079365079,0.43103448275862055,3
0.5,0.2625,0.41463414634146345,0.4920634920634921,0.24137931034482762,1
0.5,0.41250000000000003,0.29268292682926833,0.46031746031746024,0.43103448275862055,1
0.7435897435897435,0.1,0.17073170731707318,0.26984126984126977,0.4137931034482758,3
0.7948717948717948,0.0875,0.17073170731707318,0.31746031746031733,0.17241379310344818,3
0.6025641025641025,0.36250000000000004,0.29268292682926833,0.3015873015873016,0.24137931034482762,3
0.1282051282051282,0.7625000000000001,0.7073170731707318,0.6666666666666665,0.8448275862068966,0
0.8589743589743589,0.1,0.3658536585365854,0.1428571428571428,0.31034482758620696,3
0.6666666666666666,0.125,0.4390243902439025,0.4285714285714285,0.24137931034482762,2
0.6923076923076923,0.2125,0.5853658536585367,0.2857142857142858,0.08620689655172409,3
0.7692307692307692,0.225,0.34146341463414637,0.3492063492063492,0.2586206896551724,3
0.46153846153846145,0.275,0.48780487804878053,0.5396825396825398,0.5862068965517242,1
0.46153846153846145,0.24999999999999997,0.4390243902439025,0.6190476190476191,0.5689655172413794,2
0.46153846153846145,0.45,0.39024390243902446,0.47619047619047605,0.4482758620689655,2
0.6153846153846153,0.2125,0.14634146341463417,0.26984126984126977,0.3793103448275862,3
0.6025641025641025,0.1625,0.4634146341463415,0.2857142857142858,0.24137931034482762,2
0.6153846153846153,0.225,0.3658536585365854,0.31746031746031733,0.3275862068965517,2
0.39743589743589736,0.3375,0.5121951219512196,0.6666666666666665,0.4137931034482758,1
0.5128205128205128,0.45,0.4634146341463415,0.6349206349206349,0.48275862068965525,2
0.6538461538461537,0.0875,0.24390243902439027,0.1587301587301586,0.22413793103448287,3
0.5897435897435896,0.2125,0.4634146341463415,0.5079365079365079,0.5517241379310345,1
0.6282051282051282,0.2625,0.0,0.5555555555555554,0.48275862068965525,2
0.17948717948717946,0.65,0.5121951219512196,0.8412698412698414,0.7586206896551724,0
0.39743589743589736,0.36250000000000004,0.6585365853658538,0.6825396825396826,0.5862068965517242,1
0.41025641025641024,0.4,0.39024390243902446,0.5873015873015872,0.43103448275862055,2
0.423076923076923,0.41250000000000003,0.3658536585365854,0.5873015873015872,0.2586206896551724,2
0.6794871794871794,0.0875,0.21951219512195125,0.2857142857142858,0.22413793103448287,3
0.28205128205128205,0.5875,0.5609756097560976,0.7777777777777777,0.9310344827586206,0
0.6282051282051282,0.35000000000000003,0.3170731707317074,0.5555555555555554,0.4655172413793103,2
0.6153846153846153,0.2625,0.3170731707317074,0.31746031746031733,0.3793103448275862,2
0.7051282051282051,0.1,0.26829268292682934,0.2222222222222222,0.10344827586206906,3
0.9102564102564101,0.1,0.19512195121951223,0.2857142857142858,0.2586206896551724,3
0.39743589743589736,0.3375,0.4634146341463415,0.46031746031746024,0.6206896551724137,2
0.34615384615384615,0.5125000000000001,0.41463414634146345,0.6507936507936507,0.8275862068965518,1
0.6538461538461537,0.1875,0.39024390243902446,0.3650793650793651,0.4137931034482758,3
0.641025641025641,0.07500000000000001,0.48780487804878053,0.3015873015873016,0.017241379310344862,2
0.5384615384615384,0.23750000000000002,0.19512195121951223,0.6031746031746033,0.24137931034482762,2
0.641025641025641,0.175,0.6341463414634148,0.3492063492063492,0.17241379310344818,3
0.7051282051282051,0.325,0.41463414634146345,0.26984126984126977,0.2068965517241379,3
0.5128205128205128,0.15,0.41463414634146345,0.6031746031746033,0.5344827586206897,1
0.6153846153846153,0.2625,0.12195121951219513,0.33333333333333337,0.24137931034482762,2
0.9487179487179487,0.049999999999999996,0.26829268292682934,0.2222222222222222,0.017241379310344862,3
0.2948717948717948,0.6625,0.6097560975609757,0.6190476190476191,0.8275862068965518,1
0.8974358974358974,0.23750000000000002,0.48780487804878053,0.33333333333333337,0.31034482758620696,3
0.23076923076923073,0.5750000000000001,0.5365853658536587,0.7777777777777777,0.8103448275862071,0
0.6025641025641025,0.23750000000000002,0.41463414634146345,0.11111111111111105,0.18965517241379315,3
0.5384615384615384,0.275,0.5609756097560976,0.3015873015873016,0.2586206896551724,2
0.4871794871794871,0.3125,0.5365853658536587,0.5396825396825398,0.5,1
0.5897435897435896,0.30000000000000004,0.24390243902439027,0.1587301587301586,0.17241379310344818,2
0.28205128205128205,0.475,0.5853658536585367,0.7619047619047619,0.6896551724137929,1
0.8589743589743589,0.0875,0.09756097560975611,0.33333333333333337,0.17241379310344818,3
0.46153846153846145,0.42500000000000004,0.24390243902439027,0.4444444444444444,0.4137931034482758,1
0.4358974358974359,0.35000000000000003,0.39024390243902446,0.6031746031746033,0.5862068965517242,2
0.8974358974358974,0.0875,0.24390243902439027,0.11111111111111105,0.3275862068965517,3
0.5256410256410255,0.45,0.39024390243902446,0.5714285714285714,0.3793103448275862,2
0.423076923076923,0.30000000000000004,0.5365853658536587,0.6190476190476191,0.7758620689655171,1
0.4358974358974359,0.45,0.34146341463414637,0.39682539682539675,0.5,2
0.5897435897435896,0.3375,0.4390243902439025,0.39682539682539675,0.4655172413793103,2
0.9487179487179487,0.11249999999999999,0.34146341463414637,0.25396825396825395,0.2586206896551724,3
0.4358974358974359,0.30000000000000004,0.41463414634146345,0.5873015873015872,0.7758620689655171,2
0.2948717948717948,0.5750000000000001,0.4390243902439025,0.746031746031746,0.7586206896551724,1
0.4487179487179487,0.5125000000000001,0.3170731707317074,0.47619047619047605,0.5172413793103448,2
0.7179487179487178,0.049999999999999996,0.3658536585365854,0.3492063492063492,0.24137931034482762,3
0.37179487179487175,0.6,0.48780487804878053,0.4444444444444444,0.5,1
0.47435897435897434,0.375,0.26829268292682934,0.4920634920634921,0.5172413793103448,2
0.4487179487179487,0.3125,0.34146341463414637,0.6666666666666665,0.39655172413793105,1
0.3846153846153846,0.525,0.3658536585365854,0.6507936507936507,0.6379310344827585,1
0.4358974358974359,0.2625,0.39024390243902446,0.6825396825396826,0.5862068965517242,1
0.9487179487179487,0.0875,0.21951219512195125,0.2222222222222222,0.15517241379310343,3
0.39743589743589736,0.42500000000000004,0.4634146341463415,0.4920634920634921,0.4655172413793103,1
0.7564102564102564,0.13749999999999998,0.17073170731707318,0.23809523809523803,0.13793103448275867,3
0.9358974358974359,0.0625,0.39024390243902446,0.3015873015873016,0.36206896551724144,3
0.0641025641025641,0.7625000000000001,0.5121951219512196,0.8095238095238093,0.8620689655172413,0
0.20512820512820512,0.5750000000000001,0.6097560975609757,0.6349206349206349,0.6724137931034482,1
0.9487179487179487,0.0875,0.24390243902439027,0.26984126984126977,0.39655172413793105,3
0.47435897435897434,0.35000000000000003,0.34146341463414637,0.4285714285714285,0.3793103448275862,2
0.47435897435897434,0.3375,0.5853658536585367,0.523809523809524,0.2586206896551724,1
0.7948717948717948,0.0875,0.19512195121951223,0.25396825396825395,0.10344827586206906,3
0.24358974358974356,0.675,0.6341463414634148,0.5873015873015872,0.8448275862068966,1
0.6025641025641025,0.35000000000000003,0.26829268292682934,0.4920634920634921,0.4137931034482758,2
0.47435897435897434,0.5,0.5853658536585367,0.6190476190476191,0.7758620689655171,1
0.846153846153846,0.0875,0.26829268292682934,0.23809523809523803,0.12068965517241381,3
0.41025641025641024,0.41250000000000003,0.26829268292682934,0.7142857142857142,0.8448275862068966,2
0.8333333333333333,0.07500000000000001,0.09756097560975611,0.3492063492063492,0.10344827586206906,3
0.6923076923076923,0.0875,0.39024390243902446,0.2857142857142858,0.4482758620689655,2
0.39743589743589736,0.475,0.5609756097560976,0.3650793650793651,0.43103448275862055,2
0.37179487179487175,0.4,0.4390243902439025,0.7142857142857142,0.8103448275862071,0
0.7179487179487178,0.1875,0.24390243902439027,0.3015873015873016,0.06896551724137934,3
0.5512820512820512,0.2125,0.4390243902439025,0.4920634920634921,0.5862068965517242,1
0.37179487179487175,0.3375,0.6341463414634148,0.6507936507936507,0.603448275862069,2
0.7435897435897435,0.125,0.3170731707317074,0.2063492063492064,0.31034482758620696,3
0.9615384615384615,0.1,0.26829268292682934,0.1587301587301586,0.17241379310344818,3
0.9743589743589742,0.11249999999999999,0.3658536585365854,0.2222222222222222,0.22413793103448287,3
0.37179487179487175,0.3875,0.48780487804878053,0.6666666666666665,0.603448275862069,1
0.7307692307692307,0.0875,0.34146341463414637,0.2857142857142858,0.06896551724137934,3
0.46153846153846145,0.24999999999999997,0.41463414634146345,0.6349206349206349,0.5517241379310345,1
0.8589743589743589,0.049999999999999996,0.29268292682926833,0.3650793650793651,0.10344827586206906,3
0.2564102564102564,0.4375,0.5121951219512196,0.8253968253968256,0.7586206896551724,0
0.5128205128205128,0.275,0.41463414634146345,0.5079365079365079,0.4137931034482758,2
0.41025641025641024,0.24999999999999997,0.3658536585365854,0.6507936507936507,0.5689655172413794,2
0.6923076923076923,0.0875,0.26829268292682934,0.2857142857142858,0.12068965517241381,3
0.6282051282051282,0.19999999999999998,0.5609756097560976,0.46031746031746024,0.4137931034482758,2
0.5897435897435896,0.125,0.39024390243902446,0.5079365079365079,0.5,2
0.7820512820512819,0.125,0.34146341463414637,0.1269841269841271,0.13793103448275867,3
0.1282051282051282,0.6875,0.7560975609756099,0.5555555555555554,0.7931034482758619,1
0.11538461538461536,0.7000000000000001,0.6829268292682927,0.5396825396825398,0.8275862068965518,1
0.5897435897435896,0.4,0.34146341463414637,0.4126984126984127,0.4655172413793103,2
0.5512820512820512,0.3125,0.4390243902439025,0.6507936507936507,0.48275862068965525,2
0.17948717948717946,0.7000000000000001,0.5365853658536587,0.7619047619047619,0.6896551724137929,0
0.7051282051282051,0.19999999999999998,0.24390243902439027,0.1269841269841271,0.4137931034482758,3
0.3333333333333333,0.525,0.5365853658536587,0.7936507936507935,0.8620689655172413,1
0.9230769230769229,0.0875,0.24390243902439027,0.3492063492063492,0.39655172413793105,3
0.4871794871794871,0.30000000000000004,0.6585365853658538,0.33333333333333337,0.4137931034482758,2
0.11538461538461536,0.6875,0.6585365853658538,0.6984126984126984,0.603448275862069,0
0.30769230769230765,0.48750000000000004,0.34146341463414637,0.746031746031746,0.6206896551724137,0
0.3205128205128205,0.5,0.39024390243902446,0.7936507936507935,0.8448275862068966,1
0.39743589743589736,0.4625,0.6829268292682927,0.7777777777777777,0.8793103448275861,1
0.2564102564102564,0.4375,0.39024390243902446,0.523809523809524,0.5172413793103448,0
0.8589743589743589,0.13749999999999998,0.14634146341463417,0.19047619047619047,0.2068965517241379,3
0.28205128205128205,0.4625,0.48780487804878053,0.5555555555555554,0.8620689655172413,1
0.7948717948717948,0.11249999999999999,0.17073170731707318,0.33333333333333337,0.12068965517241381,3
0.23076923076923073,0.6125,0.5121951219512196,0.6507936507936507,0.8103448275862071,1
0.6025641025641025,0.125,0.5365853658536587,0.523809523809524,0.5344827586206897,2
0.2692307692307692,0.725,0.6829268292682927,0.6031746031746033,0.8103448275862071,1
0.14102564102564102,0.6,0.4634146341463415,0.6190476190476191,0.7241379310344827,0
0.37179487179487175,0.225,0.5609756097560976,0.8412698412698414,0.5517241379310345,1
0.5769230769230769,0.13749999999999998,0.3658536585365854,0.4285714285714285,0.4137931034482758,3
0.3333333333333333,0.5125000000000001,0.41463414634146345,0.73015873015873,0.5517241379310345,0
0.34615384615384615,0.325,0.3658536585365854,0.5873015873015872,0.7931034482758619,1
0.5897435897435896,0.41250000000000003,0.41463414634146345,0.5079365079365079,0.4482758620689655,2
0.8846153846153846,0.0625,0.3658536585365854,0.31746031746031733,0.22413793103448287,3
0.6025641025641025,0.28750000000000003,0.48780487804878053,0.523809523809524,0.48275862068965525,2
0.24358974358974356,0.6125,0.5609756097560976,0.7619047619047619,0.8275862068965518,1
0.16666666666666663,0.625,0.5853658536585367,0.5555555555555554,0.8275862068965518,1
0.6666666666666666,0.0625,0.24390243902439027,0.33333333333333337,0.39655172413793105,3
0.24358974358974356,0.6375000000000001,0.34146341463414637,0.746031746031746,0.8275862068965518,1
0.4871794871794871,0.475,0.4390243902439025,0.5873015873015872,0.5344827586206897,1
0.46153846153846145,0.36250000000000004,0.7317073170731708,0.6349206349206349,0.4137931034482758,1
0.07692307692307693,0.9375,0.6585365853658538,0.7936507936507935,0.6896551724137929,0
0.3846153846153846,0.4375,0.4390243902439025,0.73015873015873,0.4137931034482758,1
0.7179487179487178,0.2125,0.21951219512195125,0.33333333333333337,0.34482758620689646,3
0.17948717948717946,0.5,0.4390243902439025,0.73015873015873,0.8448275862068966,1
0.9102564102564101,0.0875,0.39024390243902446,0.26984126984126977,0.3793103448275862,3
0.6538461538461537,0.2625,0.48780487804878053,0.23809523809523803,0.13793103448275867,3
0.7179487179487178,0.0875,0.5121951219512196,0.4126984126984127,0.24137931034482762,2
0.46153846153846145,0.4375,0.39024390243902446,0.6349206349206349,0.6379310344827585,2
0.6794871794871794,0.0875,0.17073170731707318,0.3650793650793651,0.15517241379310343,2
0.34615384615384615,0.625,0.7804878048780489,0.73015873015873,0.2586206896551724,1
0.6282051282051282,0.0875,0.39024390243902446,0.2857142857142858,0.10344827586206906,3
0.3589743589743589,0.6625,0.6097560975609757,0.6507936507936507,0.7586206896551724,1
0.5897435897435896,0.3125,0.39024390243902446,0.31746031746031733,0.4137931034482758,2
0.7051282051282051,0.13749999999999998,0.29268292682926833,0.2222222222222222,0.27586206896551724,3
0.423076923076923,0.45,0.7317073170731708,0.6349206349206349,0.4137931034482758,1
0.6538461538461537,0.0875,0.26829268292682934,0.1587301587301586,0.12068965517241381,3
0.4487179487179487,0.375,0.4390243902439025,0.5555555555555554,0.5862068965517242,2
0.6282051282051282,0.1,0.29268292682926833,0.25396825396825395,0.4137931034482758,3
0.39743589743589736,0.36250000000000004,0.6585365853658538,0.6031746031746033,0.5689655172413794,2
0.8333333333333333,0.0875,0.21951219512195125,0.17460317460317465,0.08620689655172409,3
0.2948717948717948,0.6,0.6097560975609757,0.8253968253968256,0.7586206896551724,0
0.5,0.225,0.48780487804878053,0.5873015873015872,0.22413793103448287,2
0.10256410256410256,0.675,0.48780487804878053,0.7777777777777777,0.6724137931034482,0
0.4487179487179487,0.2125,0.4634146341463415,0.38095238095238093,0.48275862068965525,2
0.3589743589743589,0.48750000000000004,0.3658536585365854,0.4444444444444444,0.5689655172413794,2
0.3589743589743589,0.42500000000000004,0.3658536585365854,0.6825396825396826,0.7586206896551724,1
0.46153846153846145,0.375,0.48780487804878053,0.3492063492063492,0.4137931034482758,1
0.7179487179487178,0.2125,0.29268292682926833,0.46031746031746024,0.293103448275862,2
0.6282051282051282,0.11249999999999999,0.5853658536585367,0.25396825396825395,0.22413793103448287,2
0.0641025641025641,0.65,0.6585365853658538,0.7936507936507935,0.7413793103448276,0
0.1923076923076923,0.6375000000000001,0.48780487804878053,0.746031746031746,0.6206896551724137,0
0.8974358974358974,0.0875,0.12195121951219513,0.11111111111111105,0.24137931034482762,3
0.6538461538461537,0.1,0.4390243902439025,0.2063492063492064,0.34482758620689646,3
0.4358974358974359,0.5375,0.3658536585365854,0.523809523809524,0.5,1
0.8846153846153846,0.1,0.24390243902439027,0.25396825396825395,0.24137931034482762,3
0.24358974358974356,0.4625,0.4634146341463415,0.8730158730158728,0.8793103448275861,0
0.423076923076923,0.5750000000000001,0.5609756097560976,0.5396825396825398,0.4137931034482758,2
0.10256410256410256,0.7625000000000001,0.6585365853658538,0.6984126984126984,0.8793103448275861,0
0.4358974358974359,0.475,0.3658536585365854,0.7777777777777777,0.5862068965517242,2
0.34615384615384615,0.525,0.6829268292682927,0.6190476190476191,0.8103448275862071,1
0.34615384615384615,0.525,0.3658536585365854,0.4920634920634921,0.5517241379310345,1
0.3589743589743589,0.42500000000000004,0.5853658536585367,0.746031746031746,0.6379310344827585,1
0.39743589743589736,0.625,0.24390243902439027,0.6666666666666665,0.2586206896551724,1
0.4358974358974359,0.41250000000000003,0.39024390243902446,0.6666666666666665,0.5862068965517242,1
0.9102564102564101,0.049999999999999996,0.17073170731707318,0.1587301587301586,0.3793103448275862,3
0.46153846153846145,0.24999999999999997,0.29268292682926833,0.5873015873015872,0.5344827586206897,2
0.8076923076923076,0.11249999999999999,0.04878048780487806,0.1587301587301586,0.3793103448275862,3
0.3846153846153846,0.42500000000000004,0.4390243902439025,0.73015873015873,0.6379310344827585,2
0.5769230769230769,0.48750000000000004,0.6341463414634148,0.38095238095238093,0.3793103448275862,2
0.8205128205128205,0.0875,0.17073170731707318,0.1587301587301586,0.12068965517241381,3
0.6794871794871794,0.125,0.14634146341463417,0.38095238095238093,0.3793103448275862,3
0.39743589743589736,0.175,0.29268292682926833,0.6666666666666665,0.43103448275862055,1
0.8717948717948717,0.0875,0.24390243902439027,0.3015873015873016,0.36206896551724144,3
0.4487179487179487,0.41250000000000003,0.4390243902439025,0.39682539682539675,0.5172413793103448,2
0.2564102564102564,0.6375000000000001,0.6585365853658538,0.523809523809524,0.6379310344827585,0
0.5769230769230769,0.1875,0.29268292682926833,0.2222222222222222,0.36206896551724144,2
0.8589743589743589,0.0875,0.3658536585365854,0.3015873015873016,0.18965517241379315,3
0.7179487179487178,0.0875,0.48780487804878053,0.33333333333333337,0.24137931034482762,2
0.423076923076923,0.45,0.4390243902439025,0.6349206349206349,0.5862068965517242,1
0.6666666666666666,0.125,0.39024390243902446,0.4444444444444444,0.18965517241379315,2
0.7435897435897435,0.11249999999999999,0.34146341463414637,0.4126984126984127,0.24137931034482762,3
0.6923076923076923,0.11249999999999999,0.24390243902439027,0.4126984126984127,0.24137931034482762,3
0.9102564102564101,0.0875,0.19512195121951223,0.23809523809523803,0.2586206896551724,3
0.6923076923076923,0.0875,0.5609756097560976,0.26984126984126977,0.017241379310344862,3
0.4487179487179487,0.23750000000000002,0.4390243902439025,0.4126984126984127,0.5172413793103448,2
0.8076923076923076,0.2125,0.21951219512195125,0.3492063492063492,0.2586206896551724,3
0.7564102564102564,0.0875,0.34146341463414637,0.33333333333333337,0.36206896551724144,3
0.4871794871794871,0.28750000000000003,0.41463414634146345,0.6349206349206349,0.34482758620689646,1
0.8974358974358974,0.0625,0.24390243902439027,0.3650793650793651,0.18965517241379315,3
0.46153846153846145,0.30000000000000004,0.4634146341463415,0.5873015873015872,0.5862068965517242,2
0.46153846153846145,0.2125,0.39024390243902446,0.0793650793650793,0.39655172413793105,2
0.5,0.36250000000000004,0.34146341463414637,0.31746031746031733,0.18965517241379315,2
0.2692307692307692,0.6375000000000001,0.6097560975609757,0.746031746031746,0.603448275862069,0
0.20512820512820512,0.55,0.5365853658536587,0.6507936507936507,0.8275862068965518,0
0.3205128205128205,0.6875,0.3170731707317074,0.6190476190476191,0.9137931034482758,0
0.4871794871794871,0.6125,0.4634146341463415,0.6984126984126984,0.4137931034482758,1
0.6282051282051282,0.0875,0.34146341463414637,0.25396825396825395,0.24137931034482762,3
0.6538461538461537,0.19999999999999998,0.5609756097560976,0.3650793650793651,0.2068965517241379,2
0.7179487179487178,0.0875,0.39024390243902446,0.2063492063492064,0.43103448275862055,3
0.23076923076923073,0.5125000000000001,0.3658536585365854,0.5873015873015872,0.7931034482758619,0
0.7307692307692307,0.23750000000000002,0.5121951219512196,0.38095238095238093,0.18965517241379315,3
0.6538461538461537,0.30000000000000004,0.39024390243902446,0.31746031746031733,0.17241379310344818,2
0.14102564102564102,0.7625000000000001,0.7073170731707318,0.7936507936507935,0.7586206896551724,0
0.3333333333333333,0.5125000000000001,0.7073170731707318,0.7142857142857142,0.7586206896551724,1
0.6794871794871794,0.2125,0.5121951219512196,0.25396825396825395,0.15517241379310343,3
0.4871794871794871,0.2125,0.21951219512195125,0.5873015873015872,0.5517241379310345,1
0.8076923076923076,0.0625,0.14634146341463417,0.19047619047619047,0.4655172413793103,3
0.3846153846153846,0.5750000000000001,0.6097560975609757,0.6984126984126984,0.6206896551724137,2
0.9358974358974359,0.11249999999999999,0.09756097560975611,0.39682539682539675,0.3275862068965517,3
0.8076923076923076,0.11249999999999999,0.4390243902439025,0.26984126984126977,0.293103448275862,3
0.46153846153846145,0.30000000000000004,0.21951219512195125,0.7142857142857142,0.5862068965517242,2
0.4871794871794871,0.5625,0.5121951219512196,0.4920634920634921,0.48275862068965525,2
0.3205128205128205,0.5,0.5121951219512196,0.6825396825396826,0.7241379310344827,1
0.5,0.13749999999999998,0.4390243902439025,0.6349206349206349,0.5344827586206897,1
0.5769230769230769,0.11249999999999999,0.34146341463414637,0.2857142857142858,0.24137931034482762,3
0.6538461538461537,0.2125,0.21951219512195125,0.3015873015873016,0.15517241379310343,3
0.6538461538461537,0.24999999999999997,0.24390243902439027,0.1587301587301586,0.2586206896551724,3
0.34615384615384615,0.5,0.5365853658536587,0.7619047619047619,0.6206896551724137,0
0.846153846153846,0.0875,0.4390243902439025,0.3492063492063492,0.17241379310344818,3
0.8076923076923076,0.23750000000000002,0.29268292682926833,0.19047619047619047,0.36206896551724144,3
0.5512820512820512,0.15,0.4634146341463415,0.6190476190476191,0.4482758620689655,2
0.6025641025641025,0.13749999999999998,0.34146341463414637,0.3650793650793651,0.2586206896551724,3
0.7948717948717948,0.15,0.0,0.26984126984126977,0.06896551724137934,3
0.3846153846153846,0.30000000000000004,0.41463414634146345,0.6984126984126984,0.6206896551724137,1
0.46153846153846145,0.4,0.39024390243902446,0.5714285714285714,0.5862068965517242,2
0.2948717948717948,0.525,0.6829268292682927,0.4920634920634921,0.5862068965517242,1
0.5769230769230769,0.2625,0.21951219512195125,0.4920634920634921,0.4137931034482758,1
0.41025641025641024,0.325,0.29268292682926833,0.5396825396825398,0.5344827586206897,3
0.47435897435897434,0.2625,0.3658536585365854,0.5873015873015872,0.39655172413793105,1
0.6282051282051282,0.4,0.3170731707317074,0.3015873015873016,0.06896551724137934,2
0.23076923076923073,0.5125000000000001,0.5853658536585367,0.7777777777777777,0.7758620689655171,1
0.6794871794871794,0.2625,0.41463414634146345,0.3492063492063492,0.06896551724137934,2
0.41025641025641024,0.3125,0.3170731707317074,0.6666666666666665,0.7586206896551724,1
0.41025641025641024,0.4,0.5121951219512196,0.6666666666666665,0.5862068965517242,1
0.4358974358974359,0.48750000000000004,0.5121951219512196,0.5873015873015872,0.6379310344827585,2
0.3589743589743589,0.7375,0.5121951219512196,0.6031746031746033,0.4655172413793103,1
0.3589743589743589,0.55,0.6097560975609757,0.73015873015873,0.5689655172413794,1
0.3205128205128205,0.475,0.48780487804878053,0.523809523809524,0.5517241379310345,1
0.5769230769230769,0.475,0.5121951219512196,0.2857142857142858,0.3793103448275862,2
0.8205128205128205,0.049999999999999996,0.24390243902439027,0.2857142857142858,0.2586206896551724,3
0.6923076923076923,0.0875,0.5609756097560976,0.31746031746031733,0.24137931034482762,3
0.8846153846153846,0.07500000000000001,0.12195121951219513,0.1428571428571428,0.24137931034482762,3
0.2692307692307692,0.7875,0.5121951219512196,0.523809523809524,0.5862068965517242,1
0.5769230769230769,0.1625,0.24390243902439027,0.2857142857142858,0.24137931034482762,3
0.8846153846153846,0.049999999999999996,0.12195121951219513,0.25396825396825395,0.24137931034482762,3
0.6666666666666666,0.23750000000000002,0.41463414634146345,0.17460317460317465,0.24137931034482762,3
0.3205128205128205,0.525,0.39024390243902446,0.7777777777777777,0.5862068965517242,1
0.6538461538461537,0.175,0.26829268292682934,0.4126984126984127,0.603448275862069,2
0.8589743589743589,0.07500000000000001,0.12195121951219513,0.17460317460317465,0.3793103448275862,3
0.46153846153846145,0.3875,0.39024390243902446,0.523809523809524,0.4137931034482758,2
0.8076923076923076,0.07500000000000001,0.39024390243902446,0.38095238095238093,0.15517241379310343,2
0.8846153846153846,0.0875,0.09756097560975611,0.2063492063492064,0.4137931034482758,3
0.6025641025641025,0.1625,0.48780487804878053,0.3492063492063492,0.36206896551724144,2
0.3333333333333333,0.5375,0.4634146341463415,0.746031746031746,0.5862068965517242,0
0.9487179487179487,0.0875,0.24390243902439027,0.31746031746031733,0.36206896551724144,3
0.7051282051282051,0.0875,0.29268292682926833,0.33333333333333337,0.10344827586206906,2
0.4871794871794871,0.30000000000000004,0.4634146341463415,0.523809523809524,0.43103448275862055,1
0.9230769230769229,0.049999999999999996,0.3170731707317074,0.26984126984126977,0.34482758620689646,3
0.3205128205128205,0.5,0.5365853658536587,0.6190476190476191,0.9137931034482758,1
0.3205128205128205,0.48750000000000004,0.7560975609756099,0.5396825396825398,0.4137931034482758,1
0.5384615384615384,0.28750000000000003,0.3170731707317074,0.5396825396825398,0.4137931034482758,1
0.41025641025641024,0.5750000000000001,0.5121951219512196,0.73015873015873,0.43103448275862055,1
0.4487179487179487,0.3375,0.48780487804878053,0.5873015873015872,0.4482758620689655,2
0.23076923076923073,0.6,0.29268292682926833,0.7936507936507935,0.6379310344827585,1
0.34615384615384615,0.55,0.7073170731707318,0.73015873015873,0.5862068965517242,1
0.6282051282051282,0.41250000000000003,0.07317073170731708,0.39682539682539675,0.4482758620689655,2
0.6282051282051282,0.2625,0.3658536585365854,0.2063492063492064,0.12068965517241381,3
0.7051282051282051,0.0875,0.3170731707317074,0.39682539682539675,0.24137931034482762,3
0.4871794871794871,0.3875,0.6585365853658538,0.5555555555555554,0.5862068965517242,2
0.051282051282051266,0.9375,0.7560975609756099,0.6349206349206349,0.6896551724137929,0
0.6666666666666666,0.1,0.3658536585365854,0.3015873015873016,0.39655172413793105,3
0.24358974358974356,0.675,0.4634146341463415,0.7619047619047619,0.8275862068965518,1
0.5128205128205128,0.42500000000000004,0.34146341463414637,0.5873015873015872,0.4482758620689655,2
0.5897435897435896,0.28750000000000003,0.29268292682926833,0.4920634920634921,0.3793103448275862,2
0.3589743589743589,0.45,0.41463414634146345,0.6825396825396826,0.896551724137931,0
0.8333333333333333,0.11249999999999999,0.04878048780487806,0.2063492063492064,0.34482758620689646,3
0.423076923076923,0.55,0.4390243902439025,0.6349206349206349,0.7586206896551724,1
0.9230769230769229,0.07500000000000001,0.14634146341463417,0.17460317460317465,0.34482758620689646,3
0.6025641025641025,0.11249999999999999,0.4634146341463415,0.33333333333333337,0.12068965517241381,2
0.6794871794871794,0.1625,0.4390243902439025,0.26984126984126977,0.12068965517241381,3
0.8205128205128205,0.0875,0.3658536585365854,0.2857142857142858,0.36206896551724144,3
0.6666666666666666,0.0875,0.29268292682926833,0.25396825396825395,0.051724137931034475,3
0.4358974358974359,0.2625,0.5121951219512196,0.7142857142857142,0.6206896551724137,1
0.7948717948717948,0.049999999999999996,0.4390243902439025,0.33333333333333337,0.17241379310344818,3
0.7051282051282051,0.1875,0.5121951219512196,0.38095238095238093,0.10344827586206906,3
0.9230769230769229,0.11249999999999999,0.3658536585365854,0.1587301587301586,0.31034482758620696,3
0.2948717948717948,0.525,0.39024390243902446,0.5714285714285714,0.6379310344827585,1
0.7564102564102564,0.15,0.26829268292682934,0.3015873015873016,0.4482758620689655,3
0.3589743589743589,0.45,0.48780487804878053,0.4126984126984127,0.39655172413793105,1
0.24358974358974356,0.5,0.4634146341463415,0.5079365079365079,0.8448275862068966,1
0.8717948717948717,0.11249999999999999,0.14634146341463417,0.2857142857142858,0.18965517241379315,3
0.7564102564102564,0.0875,0.24390243902439027,0.23809523809523803,0.27586206896551724,3
0.5897435897435896,0.42500000000000004,0.29268292682926833,0.2857142857142858,0.2586206896551724,3
0.3589743589743589,0.42500000000000004,0.7560975609756099,0.3650793650793651,0.4137931034482758,1
0.34615384615384615,0.5375,0.5121951219512196,0.6666666666666665,0.7586206896551724,1
0.641025641025641,0.1,0.5609756097560976,0.26984126984126977,0.2068965517241379,2
0.3846153846153846,0.5375,0.5853658536585367,0.47619047619047605,0.5,1
0.37179487179487175,0.42500000000000004,0.3170731707317074,0.46031746031746024,0.3793103448275862,1
0.2564102564102564,0.475,0.5121951219512196,0.7619047619047619,0.7413793103448276,0
0.4358974358974359,0.2625,0.34146341463414637,0.6190476190476191,0.5517241379310345,2
0.4358974358974359,0.375,0.5609756097560976,0.6666666666666665,0.4137931034482758,2
0.6923076923076923,0.4375,0.5609756097560976,0.38095238095238093,0.3275862068965517,3
0.5641025641025641,0.4,0.5365853658536587,0.4920634920634921,0.5517241379310345,2
0.39743589743589736,0.3375,0.7073170731707318,0.7142857142857142,0.5862068965517242,1
0.7435897435897435,0.19999999999999998,0.41463414634146345,0.3015873015873016,0.24137931034482762,3
0.7179487179487178,0.0875,0.19512195121951223,0.2222222222222222,0.08620689655172409,3
0.7435897435897435,0.1625,0.14634146341463417,0.33333333333333337,0.15517241379310343,3
0.16666666666666663,0.6,0.7073170731707318,0.5396825396825398,0.8275862068965518,1
0.5769230769230769,0.3125,0.5121951219512196,0.4920634920634921,0.4137931034482758,2
0.47435897435897434,0.23750000000000002,0.41463414634146345,0.6190476190476191,0.5517241379310345,2
0.5641025641025641,0.225,0.5365853658536587,0.4444444444444444,0.43103448275862055,2
0.47435897435897434,0.475,0.3658536585365854,0.6507936507936507,0.7413793103448276,2
0.16666666666666663,0.6125,0.6097560975609757,0.6666666666666665,0.6379310344827585,0
0.39743589743589736,0.475,0.24390243902439027,0.6984126984126984,0.6379310344827585,0
0.08974358974358973,0.6875,0.5609756097560976,0.5873015873015872,0.7586206896551724,0
0.7564102564102564,0.11249999999999999,0.19512195121951223,0.33333333333333337,0.3793103448275862,3
0.7820512820512819,0.0875,0.34146341463414637,0.3492063492063492,0.2068965517241379,3
0.39743589743589736,0.23750000000000002,0.29268292682926833,0.7142857142857142,0.4137931034482758,1
0.4358974358974359,0.30000000000000004,0.3170731707317074,0.6507936507936507,0.5344827586206897,1
0.3589743589743589,0.475,0.5853658536585367,0.5873015873015872,0.5,2
0.7051282051282051,0.0875,0.24390243902439027,0.33333333333333337,0.08620689655172409,3
0.15384615384615385,0.7625000000000001,0.6585365853658538,0.9523809523809523,0.7586206896551724,0
0.7179487179487178,0.11249999999999999,0.24390243902439027,0.3015873015873016,0.17241379310344818,3
0.3205128205128205,0.6125,0.5853658536585367,0.6984126984126984,0.7586206896551724,1
0.7564102564102564,0.19999999999999998,0.34146341463414637,0.2857142857142858,0.06896551724137934,3
0.2948717948717948,0.6125,0.5853658536585367,0.6349206349206349,0.7068965517241379,1
0.4871794871794871,0.1875,0.26829268292682934,0.19047619047619047,0.4137931034482758,2
0.7435897435897435,0.125,0.3170731707317074,0.1428571428571428,0.08620689655172409,3
0.641025641025641,0.11249999999999999,0.4390243902439025,0.19047619047619047,0.3275862068965517,3
0.8717948717948717,0.049999999999999996,0.3170731707317074,0.2857142857142858,0.08620689655172409,3
0.8333333333333333,0.125,0.09756097560975611,0.26984126984126977,0.4482758620689655,3
0.14102564102564102,0.7375,0.8048780487804879,0.7142857142857142,0.6896551724137929,0
0.46153846153846145,0.325,0.5609756097560976,0.5396825396825398,0.24137931034482762,1
0.47435897435897434,0.24999999999999997,0.24390243902439027,0.5555555555555554,0.4137931034482758,2
0.7820512820512819,0.125,0.09756097560975611,0.26984126984126977,0.27586206896551724,3
0.30769230769230765,0.6625,0.5853658536585367,0.6349206349206349,0.7413793103448276,0
0.46153846153846145,0.5375,0.39024390243902446,0.6984126984126984,0.5172413793103448,1
0.6666666666666666,0.13749999999999998,0.4390243902439025,0.33333333333333337,0.34482758620689646,3
0.15384615384615385,0.6625,0.7804878048780489,0.6031746031746033,0.9310344827586206,0
0.47435897435897434,0.35000000000000003,0.4390243902439025,0.5555555555555554,0.6206896551724137,2
0.5897435897435896,0.4375,0.5121951219512196,0.3492063492063492,0.2586206896551724,1
0.21794871794871795,0.6125,0.5609756097560976,0.8412698412698414,0.7931034482758619,1
0.5769230769230769,0.275,0.7317073170731708,0.2857142857142858,0.24137931034482762,2
0.641025641025641,0.15,0.29268292682926833,0.25396825396825395,0.2586206896551724,3
0.8076923076923076,0.1625,0.5121951219512196,0.2222222222222222,0.24137931034482762,3
0.9230769230769229,0.1,0.3170731707317074,0.25396825396825395,0.36206896551724144,3
0.6923076923076923,0.0875,0.29268292682926833,0.25396825396825395,0.17241379310344818,3
0.6153846153846153,0.2125,0.29268292682926833,0.2222222222222222,0.34482758620689646,2
0.47435897435897434,0.4625,0.6097560975609757,0.26984126984126977,0.24137931034482762,2
0.5256410256410255,0.475,0.4390243902439025,0.5396825396825398,0.24137931034482762,2
0.3589743589743589,0.475,0.7073170731707318,0.4920634920634921,0.4655172413793103,1
0.8717948717948717,0.0625,0.5365853658536587,0.2857142857142858,0.34482758620689646,3
0.7948717948717948,0.2125,0.5365853658536587,0.1428571428571428,0.06896551724137934,3
0.2692307692307692,0.525,0.5121951219512196,0.8412698412698414,0.8793103448275861,1
0.4487179487179487,0.42500000000000004,0.5853658536585367,0.5714285714285714,0.24137931034482762,1
0.39743589743589736,0.6125,0.5121951219512196,0.7777777777777777,0.4137931034482758,1
0.8333333333333333,0.1,0.24390243902439027,0.2063492063492064,0.2068965517241379,3
0.5384615384615384,0.375,0.3658536585365854,0.4444444444444444,0.24137931034482762,2
0.5641025641025641,0.2625,0.7804878048780489,0.4920634920634921,0.24137931034482762,2
0.47435897435897434,0.55,0.5609756097560976,0.5079365079365079,0.5172413793103448,2
0.6923076923076923,0.325,0.24390243902439027,0.5555555555555554,0.24137931034482762,3
0.6025641025641025,0.325,0.5609756097560976,0.5555555555555554,0.36206896551724144,2
0.7820512820512819,0.225,0.3170731707317074,0.1587301587301586,0.27586206896551724,3
0.5512820512820512,0.3125,0.3170731707317074,0.47619047619047605,0.4137931034482758,3
0.3333333333333333,0.4375,0.4634146341463415,0.6984126984126984,0.8103448275862071,0
0.7051282051282051,0.0875,0.14634146341463417,0.39682539682539675,0.24137931034482762,3
0.5769230769230769,0.3125,0.5121951219512196,0.38095238095238093,0.39655172413793105,2
0.3589743589743589,0.5375,0.41463414634146345,0.7619047619047619,0.4137931034482758,0
0.24358974358974356,0.625,0.7073170731707318,0.5396825396825398,0.6379310344827585,0
0.7564102564102564,0.2625,0.4390243902439025,0.4126984126984127,0.03448275862068961,3
0.0641025641025641,0.75,0.48780487804878053,0.9047619047619049,0.8103448275862071,0
0.9358974358974359,0.0875,0.29268292682926833,0.31746031746031733,0.3793103448275862,3
0.6538461538461537,0.07500000000000001,0.24390243902439027,0.523809523809524,0.5172413793103448,2
0.6153846153846153,0.0875,0.4634146341463415,0.25396825396825395,0.24137931034482762,3
0.28205128205128205,0.65,0.48780487804878053,0.6825396825396826,0.7068965517241379,1
0.24358974358974356,0.48750000000000004,0.5853658536585367,0.5873015873015872,0.7241379310344827,0
0.641025641025641,0.11249999999999999,0.3658536585365854,0.3492063492063492,0.3275862068965517,3
0.7564102564102564,0.0875,0.3170731707317074,0.39682539682539675,0.24137931034482762,2
0.4871794871794871,0.42500000000000004,0.29268292682926833,0.5714285714285714,0.4137931034482758,1
0.4487179487179487,0.5625,0.3658536585365854,0.4920634920634921,0.43103448275862055,1
0.5641025641025641,0.1875,0.24390243902439027,0.5396825396825398,0.36206896551724144,3
0.4358974358974359,0.5125000000000001,0.5365853658536587,0.523809523809524,0.2068965517241379,2
0.6794871794871794,0.0875,0.29268292682926833,0.33333333333333337,0.293103448275862,2
0.6282051282051282,0.23750000000000002,0.3170731707317074,0.38095238095238093,0.5862068965517242,2
0.5897435897435896,0.19999999999999998,0.3658536585365854,0.47619047619047605,0.24137931034482762,2
0.641025641025641,0.19999999999999998,0.3170731707317074,0.2063492063492064,0.31034482758620696,2
0.4487179487179487,0.5125000000000001,0.41463414634146345,0.6349206349206349,0.7586206896551724,2
0.5641025641025641,0.23750000000000002,0.41463414634146345,0.5079365079365079,0.5344827586206897,2
0.3333333333333333,0.525,0.34146341463414637,0.39682539682539675,0.5689655172413794,2
0.5897435897435896,0.2625,0.17073170731707318,0.6031746031746033,0.48275862068965525,3
0.3205128205128205,0.6375000000000001,0.7073170731707318,0.7619047619047619,0.5862068965517242,1
0.7179487179487178,0.0875,0.41463414634146345,0.2857142857142858,0.13793103448275867,3
0.7948717948717948,0.0875,0.19512195121951223,0.23809523809523803,0.43103448275862055,3
0.8333333333333333,0.125,0.26829268292682934,0.38095238095238093,0.06896551724137934,3
0.7051282051282051,0.1,0.3658536585365854,0.39682539682539675,0.2586206896551724,3
0.3333333333333333,0.45,0.6341463414634148,0.5555555555555554,0.8448275862068966,1
0.3846153846153846,0.225,0.5365853658536587,0.8253968253968256,0.5862068965517242,1
0.4487179487179487,0.3375,0.48780487804878053,0.5079365079365079,0.43103448275862055,1
0.5,0.2625,0.4634146341463415,0.6031746031746033,0.43103448275862055,1
0.5,0.475,0.29268292682926833,0.33333333333333337,0.4137931034482758,2
0.4358974358974359,0.5875,0.5365853658536587,0.5396825396825398,0.4482758620689655,2
0.7820512820512819,0.13749999999999998,0.29268292682926833,0.2222222222222222,0.34482758620689646,3
0.14102564102564102,0.7625000000000001,0.6341463414634148,0.8095238095238093,0.8103448275862071,0
0.846153846153846,0.0875,0.17073170731707318,0.1587301587301586,0.34482758620689646,3
0.7307692307692307,0.3125,0.4390243902439025,0.38095238095238093,0.24137931034482762,3
0.46153846153846145,0.24999999999999997,0.48780487804878053,0.5873015873015872,0.5862068965517242,1
0.9102564102564101,0.11249999999999999,0.39024390243902446,0.3015873015873016,0.34482758620689646,3
0.46153846153846145,0.36250000000000004,0.7317073170731708,0.6031746031746033,0.5689655172413794,2
0.5897435897435896,0.13749999999999998,0.4390243902439025,0.5079365079365079,0.4482758620689655,2
0.3846153846153846,0.4,0.6341463414634148,0.5555555555555554,0.6379310344827585,1
0.2948717948717948,0.675,0.6097560975609757,0.7777777777777777,0.5862068965517242,0
0.11538461538461536,0.85,0.41463414634146345,0.6825396825396826,0.7241379310344827,0
0.39743589743589736,0.36250000000000004,0.4634146341463415,0.6666666666666665,0.6206896551724137,1
0.23076923076923073,0.525,0.7073170731707318,0.6984126984126984,0.5862068965517242,1
0.7307692307692307,0.11249999999999999,0.39024390243902446,0.38095238095238093,0.017241379310344862,3
0.14102564102564102,0.8875000000000001,0.5853658536585367,0.5714285714285714,0.7586206896551724,0
0.5,0.325,0.3658536585365854,0.5873015873015872,0.4137931034482758,2
0.5,0.15,0.48780487804878053,0.46031746031746024,0.6206896551724137,2
0.46153846153846145,0.30000000000000004,0.29268292682926833,0.6349206349206349,0.4137931034482758,2
0.5,0.525,0.3170731707317074,0.2063492063492064,0.4137931034482758,2
0.34615384615384615,0.6125,0.4634146341463415,0.746031746031746,0.5862068965517242,1
0.4487179487179487,0.45,0.4634146341463415,0.4920634920634921,0.48275862068965525,2
0.3205128205128205,0.41250000000000003,0.6097560975609757,0.6825396825396826,0.7241379310344827,0
0.3846153846153846,0.375,0.5853658536585367,0.73015873015873,0.4137931034482758,1
0.5641025641025641,0.3375,0.5853658536585367,0.47619047619047605,0.4137931034482758,2
0.7435897435897435,0.15,0.09756097560975611,0.3015873015873016,0.10344827586206906,3
0.641025641025641,0.15,0.3170731707317074,0.33333333333333337,0.2068965517241379,3
0.7051282051282051,0.30000000000000004,0.3170731707317074,0.3492063492063492,0.18965517241379315,3
0.6923076923076923,0.1,0.3170731707317074,0.23809523809523803,0.24137931034482762,3
0.5897435897435896,0.1875,0.29268292682926833,0.3492063492063492,0.2586206896551724,2
0.641025641025641,0.2125,0.21951219512195125,0.26984126984126977,0.39655172413793105,3
0.3205128205128205,0.5750000000000001,0.5853658536585367,0.6190476190476191,0.6551724137931034,0
0.423076923076923,0.41250000000000003,0.3658536585365854,0.6190476190476191,0.5862068965517242,2
0.8205128205128205,0.0875,0.07317073170731708,0.3650793650793651,0.12068965517241381,3
0.2692307692307692,0.675,0.41463414634146345,0.746031746031746,0.8275862068965518,1
0.846153846153846,0.0875,0.12195121951219513,0.17460317460317465,0.4137931034482758,3
0.3589743589743589,0.3125,0.41463414634146345,0.6507936507936507,0.7241379310344827,1
0.4487179487179487,0.24999999999999997,0.5853658536585367,0.6825396825396826,0.36206896551724144,1
0.6153846153846153,0.30000000000000004,0.7073170731707318,0.47619047619047605,0.4137931034482758,3
0.47435897435897434,0.3375,0.4390243902439025,0.8412698412698414,0.5517241379310345,1
0.7692307692307692,0.0875,0.29268292682926833,0.26984126984126977,0.24137931034482762,3
0.2948717948717948,0.7000000000000001,0.5853658536585367,0.7777777777777777,0.7931034482758619,1
0.423076923076923,0.375,0.48780487804878053,0.6190476190476191,0.5862068965517242,1
0.6025641025641025,0.1875,0.34146341463414637,0.2857142857142858,0.2586206896551724,3
0.5128205128205128,0.5,0.4634146341463415,0.6349206349206349,0.5862068965517242,1
0.7051282051282051,0.13749999999999998,0.39024390243902446,0.4920634920634921,0.22413793103448287,3
0.7692307692307692,0.15,0.24390243902439027,0.3492063492063492,0.06896551724137934,3
0.3333333333333333,0.625,0.6341463414634148,0.7142857142857142,0.8103448275862071,1
0.3846153846153846,0.4,0.3658536585365854,0.38095238095238093,0.4482758620689655,2
0.5128205128205128,0.45,0.29268292682926833,0.31746031746031733,0.4137931034482758,2
0.46153846153846145,0.4375,0.5365853658536587,0.5714285714285714,0.4137931034482758,2
0.6282051282051282,0.19999999999999998,0.3658536585365854,0.4285714285714285,0.4137931034482758,3
0.8333333333333333,0.0875,0.24390243902439027,0.25396825396825395,0.27586206896551724,3
0.5897435897435896,0.36250000000000004,0.5121951219512196,0.4285714285714285,0.48275862068965525,3
0.6025641025641025,0.19999999999999998,0.41463414634146345,0.38095238095238093,0.3793103448275862,2
0.28205128205128205,0.625,0.6097560975609757,0.746031746031746,0.6724137931034482,0
0.28205128205128205,0.5125000000000001,0.7073170731707318,0.5555555555555554,0.603448275862069,1
0.6025641025641025,0.30000000000000004,0.19512195121951223,0.1587301587301586,0.2068965517241379,2
0.8974358974358974,0.0875,0.26829268292682934,0.2857142857142858,0.18965517241379315,3
0.5,0.3875,0.3658536585365854,0.38095238095238093,0.5862068965517242,2
0.46153846153846145,0.2125,0.4634146341463415,0.6031746031746033,0.5862068965517242,2
0.9487179487179487,0.0875,0.3658536585365854,0.33333333333333337,0.22413793103448287,3
0.7435897435897435,0.11249999999999999,0.48780487804878053,0.09523809523809523,0.3793103448275862,3
0.37179487179487175,0.36250000000000004,0.5609756097560976,0.7777777777777777,0.4482758620689655,1
0.5769230769230769,0.24999999999999997,0.6829268292682927,0.2857142857142858,0.43103448275862055,2
0.4487179487179487,0.30000000000000004,0.39024390243902446,0.4920634920634921,0.48275862068965525,1
0.23076923076923073,0.525,0.6585365853658538,0.857142857142857,0.8793103448275861,0
0.5256410256410255,0.11249999999999999,0.26829268292682934,0.3492063492063492,0.36206896551724144,2
0.6282051282051282,0.125,0.3658536585365854,0.1428571428571428,0.3793103448275862,2
0.37179487179487175,0.4625,0.41463414634146345,0.6349206349206349,0.4482758620689655,1
0.4487179487179487,0.45,0.5121951219512196,0.38095238095238093,0.4137931034482758,2
0.23076923076923073,0.65,0.6341463414634148,0.7936507936507935,0.7586206896551724,0
0.21794871794871795,0.5125000000000001,0.26829268292682934,0.6666666666666665,0.896551724137931,0
0.5,0.3375,0.34146341463414637,0.39682539682539675,0.4137931034482758,2
0.41025641025641024,0.5,0.4390243902439025,0.5714285714285714,0.4482758620689655,1
0.37179487179487175,0.19999999999999998,0.48780487804878053,0.7619047619047619,0.6379310344827585,1
0.5641025641025641,0.3125,0.29268292682926833,0.4285714285714285,0.3793103448275862,2
0.28205128205128205,0.3875,0.5121951219512196,0.7142857142857142,0.7758620689655171,0
0.7564102564102564,0.0875,0.24390243902439027,0.26984126984126977,0.15517241379310343,3
0.14102564102564102,0.6125,0.6829268292682927,0.73015873015873,0.6379310344827585,0
0.41025641025641024,0.225,0.48780487804878053,0.6666666666666665,0.603448275862069,1
0.846153846153846,0.0875,0.41463414634146345,0.3650793650793651,0.18965517241379315,3
0.6153846153846153,0.3125,0.5609756097560976,0.4444444444444444,0.5344827586206897,3
0.37179487179487175,0.45,0.5853658536585367,0.6349206349206349,0.8448275862068966,1
0.21794871794871795,0.7000000000000001,0.5365853658536587,0.8253968253968256,0.8275862068965518,0
0.5384615384615384,0.4375,0.5609756097560976,0.3015873015873016,0.4137931034482758,2
0.4487179487179487,0.4625,0.3658536585365854,0.5714285714285714,0.5689655172413794,2
0.16666666666666663,0.55,0.6341463414634148,0.746031746031746,0.896551724137931,0
0.3846153846153846,0.5875,0.48780487804878053,0.7777777777777777,0.603448275862069,1
0.8076923076923076,0.125,0.39024390243902446,0.2222222222222222,0.24137931034482762,3
0.5897435897435896,0.11249999999999999,0.41463414634146345,0.4920634920634921,0.4655172413793103,2
0.5641025641025641,0.24999999999999997,0.5365853658536587,0.4920634920634921,0.24137931034482762,2
0.5384615384615384,0.4,0.39024390243902446,0.4126984126984127,0.5689655172413794,2
0.3589743589743589,0.4625,0.6097560975609757,0.47619047619047605,0.5862068965517242,1
0.7307692307692307,0.0875,0.29268292682926833,0.38095238095238093,0.17241379310344818,3
0.3205128205128205,0.5,0.4634146341463415,0.8095238095238093,0.7931034482758619,1
0.641025641025641,0.3125,0.21951219512195125,0.25396825396825395,0.3793103448275862,2
0.5,0.42500000000000004,0.41463414634146345,0.2063492063492064,0.39655172413793105,2
0.7948717948717948,0.0625,0.29268292682926833,0.2063492063492064,0.4137931034482758,3
0.5384615384615384,0.30000000000000004,0.41463414634146345,0.2857142857142858,0.17241379310344818,2
0.7820512820512819,0.0875,0.3170731707317074,0.31746031746031733,0.017241379310344862,3
0.3846153846153846,0.5375,0.6341463414634148,0.746031746031746,0.5344827586206897,1
0.3205128205128205,0.4375,0.4634146341463415,0.8095238095238093,0.7586206896551724,1
0.3846153846153846,0.5,0.34146341463414637,0.6825396825396826,0.4137931034482758,2
0.9615384615384615,0.0875,0.12195121951219513,0.031746031746031744,0.24137931034482762,3
0.5512820512820512,0.23750000000000002,0.3658536585365854,0.26984126984126977,0.27586206896551724,3
0.11538461538461536,0.625,0.6341463414634148,0.7619047619047619,0.7586206896551724,0
0.7307692307692307,0.175,0.6097560975609757,0.3015873015873016,0.22413793103448287,3
0.24358974358974356,0.6,0.3658536585365854,0.8412698412698414,0.7068965517241379,0
0.7051282051282051,0.13749999999999998,0.3658536585365854,0.26984126984126977,0.12068965517241381,2
0.20512820512820512,0.55,0.4634146341463415,0.6031746031746033,0.8620689655172413,1
0.7692307692307692,0.11249999999999999,0.3658536585365854,0.3492063492063492,0.06896551724137934,3
0.5,0.28750000000000003,0.5853658536585367,0.46031746031746024,0.4482758620689655,2
0.6666666666666666,0.0875,0.34146341463414637,0.25396825396825395,0.3793103448275862,3
0.4871794871794871,0.24999999999999997,0.5121951219512196,0.4444444444444444,0.603448275862069,2
0.3333333333333333,0.6125,0.6341463414634148,0.73015873015873,0.7586206896551724,0
0.3589743589743589,0.55,0.3658536585365854,0.6984126984126984,0.7586206896551724,0
0.3846153846153846,0.4,0.21951219512195125,0.5714285714285714,0.4482758620689655,1
0.5384615384615384,0.42500000000000004,0.4390243902439025,0.46031746031746024,0.4137931034482758,1
0.641025641025641,0.1625,0.4390243902439025,0.4444444444444444,0.39655172413793105,2
0.7564102564102564,0.0875,0.3658536585365854,0.3650793650793651,0.24137931034482762,2
0.423076923076923,0.3125,0.4634146341463415,0.6190476190476191,0.5862068965517242,1
0.7564102564102564,0.0875,0.21951219512195125,0.3650793650793651,0.06896551724137934,3
0.5384615384615384,0.23750000000000002,0.17073170731707318,0.5714285714285714,0.4655172413793103,2
0.6153846153846153,0.19999999999999998,0.12195121951219513,0.4444444444444444,0.4137931034482758,2
0.7051282051282051,0.1,0.3170731707317074,0.4126984126984127,0.2068965517241379,3
0.5512820512820512,0.475,0.48780487804878053,0.33333333333333337,0.31034482758620696,2
0.4487179487179487,0.225,0.5365853658536587,0.6507936507936507,0.4482758620689655,2
0.2948717948717948,0.45,0.6097560975609757,0.7777777777777777,0.5689655172413794,0
0.5384615384615384,0.3125,0.4634146341463415,0.4920634920634921,0.5517241379310345,2
0.5384615384615384,0.42500000000000004,0.6829268292682927,0.5714285714285714,0.5344827586206897,2
0.4358974358974359,0.24999999999999997,0.5365853658536587,0.6031746031746033,0.5862068965517242,1
0.5512820512820512,0.4375,0.5365853658536587,0.31746031746031733,0.3793103448275862,2
0.30769230769230765,0.7000000000000001,0.5853658536585367,0.8412698412698414,0.7413793103448276,1
0.2948717948717948,0.525,0.34146341463414637,0.5396825396825398,0.5862068965517242,0
0.0,0.8,0.5609756097560976,0.8253968253968256,0.6896551724137929,0
0.34615384615384615,0.5125000000000001,0.41463414634146345,0.46031746031746024,0.5862068965517242,1
0.5897435897435896,0.19999999999999998,0.26829268292682934,0.47619047619047605,0.4137931034482758,2
0.7435897435897435,0.0875,0.12195121951219513,0.38095238095238093,0.24137931034482762,3
0.4871794871794871,0.3875,0.3658536585365854,0.5396825396825398,0.43103448275862055,1
0.3846153846153846,0.30000000000000004,0.41463414634146345,0.6666666666666665,0.5862068965517242,1
0.9230769230769229,0.07500000000000001,0.29268292682926833,0.3650793650793651,0.36206896551724144,3
0.30769230769230765,0.6125,0.6341463414634148,0.8095238095238093,0.7241379310344827,1
0.5769230769230769,0.049999999999999996,0.3170731707317074,0.6190476190476191,0.5689655172413794,2
0.8846153846153846,0.0875,0.19512195121951223,0.2857142857142858,0.10344827586206906,3
0.6923076923076923,0.23750000000000002,0.5609756097560976,0.31746031746031733,0.10344827586206906,3
0.9358974358974359,0.0875,0.39024390243902446,0.3650793650793651,0.18965517241379315,3
0.5128205128205128,0.4,0.4390243902439025,0.3650793650793651,0.4137931034482758,2
0.14102564102564102,0.725,0.7804878048780489,0.6984126984126984,0.8620689655172413,0
0.1923076923076923,0.6125,0.6341463414634148,0.7936507936507935,0.6724137931034482,1
0.3589743589743589,0.475,0.4634146341463415,0.746031746031746,0.5689655172413794,0
0.7820512820512819,0.11249999999999999,0.29268292682926833,0.31746031746031733,0.2068965517241379,3
0.4871794871794871,0.36250000000000004,0.39024390243902446,0.47619047619047605,0.4655172413793103,2
0.37179487179487175,0.41250000000000003,0.4634146341463415,0.7142857142857142,0.5862068965517242,2
0.5,0.2625,0.24390243902439027,0.26984126984126977,0.43103448275862055,2
0.6538461538461537,0.2125,0.21951219512195125,0.19047619047619047,0.4137931034482758,3
0.9102564102564101,0.0875,0.19512195121951223,0.19047619047619047,0.08620689655172409,3
0.7564102564102564,0.0875,0.5609756097560976,0.3650793650793651,0.24137931034482762,3
0.3846153846153846,0.5,0.6585365853658538,0.47619047619047605,0.5689655172413794,2
0.30769230769230765,0.525,0.6585365853658538,0.7619047619047619,0.7586206896551724,1
0.7179487179487178,0.0875,0.29268292682926833,0.38095238095238093,0.18965517241379315,3
0.4487179487179487,0.2125,0.7073170731707318,0.5714285714285714,0.603448275862069,1
0.34615384615384615,0.775,0.29268292682926833,0.5079365079365079,0.5862068965517242,2
0.5256410256410255,0.3125,0.3170731707317074,0.4285714285714285,0.43103448275862055,2
0.3205128205128205,0.6125,0.5853658536585367,0.746031746031746,0.7586206896551724,1
0.2564102564102564,0.5875,0.4390243902439025,0.7777777777777777,0.8103448275862071,1
0.6538461538461537,0.19999999999999998,0.5121951219512196,0.4444444444444444,0.4137931034482758,3
0.37179487179487175,0.4,0.24390243902439027,0.5555555555555554,0.6724137931034482,0
0.5384615384615384,0.375,0.6097560975609757,0.6031746031746033,0.39655172413793105,1
0.7948717948717948,0.15,0.4634146341463415,0.25396825396825395,0.39655172413793105,3
0.5128205128205128,0.375,0.5609756097560976,0.5714285714285714,0.4137931034482758,1
0.2948717948717948,0.55,0.39024390243902446,0.73015873015873,0.6551724137931034,1
0.5641025641025641,0.4,0.39024390243902446,0.5079365079365079,0.4137931034482758,2
0.23076923076923073,0.475,0.6097560975609757,0.8253968253968256,0.7241379310344827,0
0.6153846153846153,0.35000000000000003,0.3170731707317074,0.4285714285714285,0.24137931034482762,2
0.46153846153846145,0.5125000000000001,0.48780487804878053,0.5396825396825398,0.4137931034482758,1
0.2692307692307692,0.5750000000000001,0.5609756097560976,0.8730158730158728,0.7586206896551724,1
0.4358974358974359,0.525,0.5365853658536587,0.5714285714285714,0.5689655172413794,2
0.5512820512820512,0.42500000000000004,0.24390243902439027,0.3015873015873016,0.2586206896551724,3
0.4871794871794871,0.325,0.39024390243902446,0.5714285714285714,0.5862068965517242,2
0.41025641025641024,0.5875,0.4390243902439025,0.6666666666666665,0.24137931034482762,1
0.07692307692307693,0.7875,0.39024390243902446,0.8095238095238093,0.9137931034482758,0
0.41025641025641024,0.36250000000000004,0.5365853658536587,0.73015873015873,0.6206896551724137,1
0.8205128205128205,0.11249999999999999,0.14634146341463417,0.2222222222222222,0.18965517241379315,3
0.39743589743589736,0.5125000000000001,0.5853658536585367,0.6507936507936507,0.7586206896551724,1
0.4487179487179487,0.41250000000000003,0.21951219512195125,0.33333333333333337,0.4137931034482758,2
0.5384615384615384,0.4,0.4634146341463415,0.5555555555555554,0.36206896551724144,2
0.8589743589743589,0.11249999999999999,0.39024390243902446,0.26984126984126977,0.15517241379310343,3
0.6794871794871794,0.19999999999999998,0.29268292682926833,0.31746031746031733,0.24137931034482762,3
0.5897435897435896,0.36250000000000004,0.6341463414634148,0.3015873015873016,0.24137931034482762,2
0.5769230769230769,0.23750000000000002,0.34146341463414637,0.4920634920634921,0.4137931034482758,3
0.5897435897435896,0.45,0.5121951219512196,0.2857142857142858,0.34482758620689646,2
0.3846153846153846,0.35000000000000003,0.5121951219512196,0.46031746031746024,0.5862068965517242,2
0.6538461538461537,0.1625,0.34146341463414637,0.46031746031746024,0.22413793103448287,3
0.6666666666666666,0.13749999999999998,0.5121951219512196,0.3015873015873016,0.24137931034482762,3
0.2692307692307692,0.55,0.7317073170731708,0.5714285714285714,0.5862068965517242,1
0.20512820512820512,0.8125,0.6585365853658538,0.6825396825396826,0.96551724137931,0
0.5128205128205128,0.175,0.3658536585365854,0.5714285714285714,0.5517241379310345,1
0.46153846153846145,0.3875,0.4634146341463415,0.3650793650793651,0.4137931034482758,2
0.08974358974358973,0.875,0.6585365853658538,0.6825396825396826,0.8620689655172413,0
0.4487179487179487,0.41250000000000003,0.6341463414634148,0.4126984126984127,0.48275862068965525,1
0.7948717948717948,0.225,0.39024390243902446,0.3650793650793651,0.10344827586206906,3
0.5256410256410255,0.325,0.34146341463414637,0.5396825396825398,0.39655172413793105,2
0.7820512820512819,0.225,0.26829268292682934,0.2222222222222222,0.06896551724137934,3
0.423076923076923,0.30000000000000004,0.4390243902439025,0.6507936507936507,0.36206896551724144,1
0.7692307692307692,0.11249999999999999,0.3658536585365854,0.31746031746031733,0.39655172413793105,2
0.28205128205128205,0.5,0.7804878048780489,0.5396825396825398,0.6206896551724137,1
0.3589743589743589,0.3125,0.6097560975609757,0.39682539682539675,0.5689655172413794,2
0.5512820512820512,0.28750000000000003,0.09756097560975611,0.46031746031746024,0.43103448275862055,2
0.20512820512820512,0.75,0.41463414634146345,0.7142857142857142,0.6724137931034482,0
0.6282051282051282,0.35000000000000003,0.48780487804878053,0.23809523809523803,0.08620689655172409,2
0.7179487179487178,0.11249999999999999,0.4390243902439025,0.31746031746031733,0.3275862068965517,3
0.4487179487179487,0.2125,0.14634146341463417,0.6349206349206349,0.7586206896551724,1
0.4487179487179487,0.36250000000000004,0.5365853658536587,0.6031746031746033,0.4137931034482758,1
0.6666666666666666,0.13749999999999998,0.5365853658536587,0.39682539682539675,0.2068965517241379,3
0.7564102564102564,0.0875,0.48780487804878053,0.2222222222222222,0.34482758620689646,3
0.5384615384615384,0.0875,0.41463414634146345,0.5396825396825398,0.4137931034482758,2
0.7051282051282051,0.2125,0.39024390243902446,0.39682539682539675,0.24137931034482762,3
0.3846153846153846,0.525,0.7317073170731708,0.7619047619047619,0.6724137931034482,0
0.6794871794871794,0.19999999999999998,0.3170731707317074,0.3492063492063492,0.3275862068965517,3
0.6666666666666666,0.1625,0.5853658536585367,0.31746031746031733,0.2068965517241379,3
0.30769230769230765,0.41250000000000003,0.6585365853658538,0.5555555555555554,0.5517241379310345,1
0.5641025641025641,0.3375,0.41463414634146345,0.5079365079365079,0.4137931034482758,3
0.3589743589743589,0.3375,0.4634146341463415,0.73015873015873,0.5862068965517242,0
0.7692307692307692,0.11249999999999999,0.26829268292682934,0.31746031746031733,0.22413793103448287,3
0.8589743589743589,0.0875,0.24390243902439027,0.2222222222222222,0.31034482758620696,3
0.1923076923076923,0.7125,0.6585365853658538,0.6984126984126984,0.8620689655172413,1
0.6666666666666666,0.19999999999999998,0.34146341463414637,0.2222222222222222,0.3793103448275862,2
0.8589743589743589,0.07500000000000001,0.26829268292682934,0.3492063492063492,0.31034482758620696,3
0.11538461538461536,0.725,0.5365853658536587,0.6825396825396826,0.7413793103448276,0
0.3846153846153846,0.7375,0.5853658536585367,0.73015873015873,0.4137931034482758,0
0.7435897435897435,0.13749999999999998,0.26829268292682934,0.2222222222222222,0.13793103448275867,3
0.6025641025641025,0.125,0.41463414634146345,0.25396825396825395,0.27586206896551724,3
0.2692307692307692,0.525,0.6341463414634148,0.7777777777777777,0.7586206896551724,0
0.08974358974358973,0.7375,0.5365853658536587,0.6825396825396826,0.8103448275862071,0
0.3589743589743589,0.2625,0.5853658536585367,0.6349206349206349,0.5862068965517242,1
0.10256410256410256,0.7625000000000001,0.41463414634146345,0.857142857142857,0.7931034482758619,0
0.6923076923076923,0.0875,0.34146341463414637,0.4126984126984127,0.24137931034482762,2
0.5512820512820512,0.24999999999999997,0.5121951219512196,0.33333333333333337,0.4137931034482758,2
0.5769230769230769,0.1625,0.41463414634146345,0.46031746031746024,0.5172413793103448,3
0.8333333333333333,0.0875,0.3170731707317074,0.25396825396825395,0.2068965517241379,3
0.7307692307692307,0.225,0.3170731707317074,0.2063492063492064,0.10344827586206906,3
0.6666666666666666,0.1875,0.4390243902439025,0.2222222222222222,0.22413793103448287,3
0.8846153846153846,0.125,0.29268292682926833,0.31746031746031733,0.17241379310344818,3
0.11538461538461536,0.7625000000000001,0.6829268292682927,0.6507936507936507,0.7931034482758619,0
0.6794871794871794,0.0875,0.41463414634146345,0.3650793650793651,0.293103448275862,2
0.641025641025641,0.35000000000000003,0.34146341463414637,0.4920634920634921,0.48275862068965525,2
0.7435897435897435,0.125,0.39024390243902446,0.2857142857142858,0.4137931034482758,3
0.30769230769230765,0.4375,0.3658536585365854,0.7777777777777777,0.5862068965517242,0
0.46153846153846145,0.30000000000000004,0.17073170731707318,0.7142857142857142,0.5689655172413794,2
0.4487179487179487,0.2625,0.3170731707317074,0.5873015873015872,0.5,2
0.9487179487179487,0.1,0.17073170731707318,0.2063492063492064,0.293103448275862,3
0.1923076923076923,0.48750000000000004,0.4634146341463415,0.5714285714285714,0.6896551724137929,1
0.8205128205128205,0.1,0.29268292682926833,0.1587301587301586,0.18965517241379315,3
0.08974358974358973,0.725,0.41463414634146345,0.8412698412698414,0.8275862068965518,0
0.5,0.48750000000000004,0.26829268292682934,0.5873015873015872,0.5344827586206897,1
0.2948717948717948,0.5875,0.4634146341463415,0.6507936507936507,0.7068965517241379,1
0.2692307692307692,0.5625,0.41463414634146345,0.7936507936507935,0.6379310344827585,1
0.34615384615384615,0.475,0.48780487804878053,0.5396825396825398,0.39655172413793105,1
0.7307692307692307,0.2125,0.3170731707317074,0.3015873015873016,0.3275862068965517,2
0.846153846153846,0.0875,0.29268292682926833,0.2222222222222222,0.08620689655172409,3
0.46153846153846145,0.2625,0.5365853658536587,0.5714285714285714,0.603448275862069,2
0.6153846153846153,0.1625,0.39024390243902446,0.3015873015873016,0.22413793103448287,2
0.6282051282051282,0.36250000000000004,0.4634146341463415,0.4285714285714285,0.5517241379310345,2
0.6282051282051282,0.35000000000000003,0.09756097560975611,0.38095238095238093,0.5344827586206897,3
0.6025641025641025,0.15,0.29268292682926833,0.47619047619047605,0.4137931034482758,2
0.46153846153846145,0.5125000000000001,0.39024390243902446,0.5873015873015872,0.603448275862069,1
0.025641025641025633,0.725,0.5609756097560976,0.746031746031746,0.6379310344827585,0
0.6025641025641025,0.19999999999999998,0.39024390243902446,0.33333333333333337,0.34482758620689646,2
0.8333333333333333,0.11249999999999999,0.29268292682926833,0.39682539682539675,0.22413793103448287,3
0.641025641025641,0.15,0.7073170731707318,0.31746031746031733,0.18965517241379315,3
0.6025641025641025,0.13749999999999998,0.41463414634146345,0.3015873015873016,0.4137931034482758,2
0.17948717948717946,0.6125,0.5609756097560976,0.6031746031746033,0.7241379310344827,0
0.7307692307692307,0.0625,0.3658536585365854,0.3015873015873016,0.34482758620689646,3
0.6538461538461537,0.19999999999999998,0.09756097560975611,0.2222222222222222,0.13793103448275867,3
0.6153846153846153,0.19999999999999998,0.6097560975609757,0.19047619047619047,0.24137931034482762,3
0.37179487179487175,0.6,0.39024390243902446,0.7619047619047619,0.9137931034482758,0
0.5512820512820512,0.1875,0.14634146341463417,0.4444444444444444,0.36206896551724144,2
0.30769230769230765,0.475,0.7073170731707318,0.7619047619047619,0.5172413793103448,0
0.4487179487179487,0.35000000000000003,0.34146341463414637,0.6984126984126984,0.7241379310344827,1
0.846153846153846,0.025,0.5853658536585367,0.2857142857142858,0.3275862068965517,3
0.37179487179487175,0.6125,0.5853658536585367,0.5714285714285714,0.7241379310344827,0
0.3205128205128205,0.3125,0.6097560975609757,0.7936507936507935,0.6206896551724137,1
0.7435897435897435,0.0875,0.5609756097560976,0.39682539682539675,0.18965517241379315,3
0.37179487179487175,0.6625,0.5609756097560976,0.4285714285714285,0.4482758620689655,1
0.16666666666666663,0.6125,0.5853658536585367,0.6825396825396826,0.6206896551724137,1
0.7051282051282051,0.125,0.21951219512195125,0.2222222222222222,0.10344827586206906,3
0.5384615384615384,0.4,0.19512195121951223,0.4444444444444444,0.4137931034482758,1
0.1923076923076923,0.9375,0.5609756097560976,0.6031746031746033,0.7931034482758619,1
0.6923076923076923,0.13749999999999998,0.3658536585365854,0.25396825396825395,0.36206896551724144,2
0.5897435897435896,0.0875,0.14634146341463417,0.31746031746031733,0.22413793103448287,2
0.4487179487179487,0.30000000000000004,0.3170731707317074,0.5396825396825398,0.5517241379310345,2
0.30769230769230765,0.6,0.3658536585365854,0.7936507936507935,0.6896551724137929,0
0.7692307692307692,0.11249999999999999,0.3170731707317074,0.1587301587301586,0.13793103448275867,3
0.23076923076923073,0.5875,0.5853658536585367,0.857142857142857,0.7586206896551724,0
0.5769230769230769,0.3375,0.39024390243902446,0.31746031746031733,0.5344827586206897,2
0.5,0.3375,0.29268292682926833,0.3650793650793651,0.4137931034482758,2
0.6153846153846153,0.4,0.17073170731707318,0.46031746031746024,0.4137931034482758,1
0.28205128205128205,0.41250000000000003,0.41463414634146345,0.8253968253968256,0.5517241379310345,0
0.5641025641025641,0.3375,0.3658536585365854,0.4920634920634921,0.24137931034482762,2
0.5897435897435896,0.1875,0.19512195121951223,0.5714285714285714,0.5517241379310345,2
0.9102564102564101,0.0875,0.3170731707317074,0.1428571428571428,0.3793103448275862,3
0.7307692307692307,0.225,0.29268292682926833,0.1269841269841271,0.12068965517241381,3
0.6923076923076923,0.1875,0.21951219512195125,0.4126984126984127,0.24137931034482762,2
0.5769230769230769,0.225,0.4390243902439025,0.3015873015873016,0.22413793103448287,3
0.41025641025641024,0.4,0.5121951219512196,0.5079365079365079,0.5,2
0.7820512820512819,0.125,0.24390243902439027,0.31746031746031733,0.2068965517241379,3
0.5641025641025641,0.225,0.48780487804878053,0.5079365079365079,0.39655172413793105,2
0.423076923076923,0.475,0.6341463414634148,0.6666666666666665,0.6379310344827585,1
0.1923076923076923,0.7375,0.6341463414634148,0.7936507936507935,0.7931034482758619,0
0.39743589743589736,0.5,0.5853658536585367,0.8095238095238093,0.34482758620689646,1
0.7692307692307692,0.0875,0.24390243902439027,0.17460317460317465,0.3275862068965517,3
0.1282051282051282,0.7375,0.5365853658536587,0.6031746031746033,0.8620689655172413,1
0.3205128205128205,0.6875,0.6829268292682927,0.6031746031746033,0.6551724137931034,1
0.1923076923076923,0.7375,0.5853658536585367,0.6031746031746033,0.7586206896551724,1
0.24358974358974356,0.625,0.4634146341463415,0.6507936507936507,0.7758620689655171,1
0.28205128205128205,0.36250000000000004,0.48780487804878053,0.857142857142857,0.8103448275862071,1
0.7692307692307692,0.1875,0.09756097560975611,0.2222222222222222,0.0,3
0.5769230769230769,0.30000000000000004,0.09756097560975611,0.3015873015873016,0.13793103448275867,2
0.6153846153846153,0.1,0.19512195121951223,0.5714285714285714,0.43103448275862055,2
0.7051282051282051,0.175,0.5121951219512196,0.3650793650793651,0.293103448275862,3
0.47435897435897434,0.1625,0.5121951219512196,0.6031746031746033,0.5862068965517242,1
0.34615384615384615,0.42500000000000004,0.26829268292682934,0.6825396825396826,0.7413793103448276,1
0.5769230769230769,0.48750000000000004,0.6097560975609757,0.3492063492063492,0.31034482758620696,2
0.6666666666666666,0.225,0.39024390243902446,0.3492063492063492,0.12068965517241381,3
0.2564102564102564,0.6125,0.29268292682926833,0.5714285714285714,0.5344827586206897,2
0.24358974358974356,0.625,0.6585365853658538,0.5396825396825398,0.6206896551724137,0
0.6025641025641025,0.24999999999999997,0.34146341463414637,0.46031746031746024,0.4137931034482758,2
0.6666666666666666,0.19999999999999998,0.5365853658536587,0.4444444444444444,0.18965517241379315,2
0.641025641025641,0.28750000000000003,0.24390243902439027,0.5396825396825398,0.2068965517241379,3
0.6666666666666666,0.2625,0.29268292682926833,0.4285714285714285,0.2586206896551724,3
0.37179487179487175,0.525,0.4390243902439025,0.6507936507936507,0.6724137931034482,1
0.7051282051282051,0.175,0.4390243902439025,0.2222222222222222,0.24137931034482762,3
0.846153846153846,0.225,0.34146341463414637,0.17460317460317465,0.2068965517241379,3
0.8205128205128205,0.0875,0.39024390243902446,0.3492063492063492,0.3275862068965517,3
0.23076923076923073,0.725,0.6097560975609757,0.73015873015873,0.6379310344827585,1
0.6538461538461537,0.28750000000000003,0.4634146341463415,0.1428571428571428,0.293103448275862,3
0.5512820512820512,0.35000000000000003,0.4390243902439025,0.5079365079365079,0.4655172413793103,3
0.24358974358974356,0.6875,0.5853658536585367,0.73015873015873,0.6551724137931034,0
0.8076923076923076,0.0625,0.14634146341463417,0.26984126984126977,0.18965517241379315,3
0.7820512820512819,0.11249999999999999,0.34146341463414637,0.3650793650793651,0.2068965517241379,3
0.1282051282051282,0.7625000000000001,0.5609756097560976,0.8095238095238093,0.8275862068965518,0
0.1923076923076923,0.675,0.5365853658536587,0.6984126984126984,0.9310344827586206,0
0.30769230769230765,0.6875,0.39024390243902446,0.6190476190476191,0.9482758620689653,0
0.4871794871794871,0.4375,0.41463414634146345,0.5396825396825398,0.4137931034482758,2
0.6794871794871794,0.125,0.14634146341463417,0.46031746031746024,0.39655172413793105,3
0.30769230769230765,0.7000000000000001,0.6097560975609757,0.8253968253968256,0.7413793103448276,1
0.5,0.475,0.34146341463414637,0.31746031746031733,0.3793103448275862,2
0.5256410256410255,0.175,0.48780487804878053,0.5396825396825398,0.5344827586206897,1
0.423076923076923,0.225,0.29268292682926833,0.5396825396825398,0.22413793103448287,1
0.30769230769230765,0.2625,0.6585365853658538,0.7777777777777777,0.7586206896551724,1
0.21794871794871795,0.5750000000000001,0.4634146341463415,0.7619047619047619,0.6896551724137929,0
0.3333333333333333,0.5625,0.5609756097560976,0.7619047619047619,0.9137931034482758,0
0.6666666666666666,0.15,0.34146341463414637,0.26984126984126977,0.31034482758620696,3
0.3589743589743589,0.375,0.29268292682926833,0.47619047619047605,0.5344827586206897,1
0.6923076923076923,0.0875,0.26829268292682934,0.3015873015873016,0.13793103448275867,3
0.9487179487179487,0.0875,0.09756097560975611,0.38095238095238093,0.3275862068965517,3
0.9615384615384615,0.1,0.19512195121951223,0.09523809523809523,0.2586206896551724,3
0.21794871794871795,0.6,0.6097560975609757,0.6190476190476191,0.7413793103448276,1
0.6282051282051282,0.2125,0.04878048780487806,0.6349206349206349,0.5,2
0.5641025641025641,0.2625,0.4634146341463415,0.4126984126984127,0.27586206896551724,2
0.20512820512820512,0.5625,0.6341463414634148,0.7619047619047619,0.7931034482758619,0
0.6923076923076923,0.125,0.5121951219512196,0.3015873015873016,0.2068965517241379,2
0.24358974358974356,0.5125000000000001,0.7804878048780489,0.6984126984126984,0.5862068965517242,1
0.7307692307692307,0.225,0.14634146341463417,0.23809523809523803,0.17241379310344818,3
0.1923076923076923,0.55,0.6585365853658538,0.9523809523809523,0.7586206896551724,0
0.5512820512820512,0.275,0.26829268292682934,0.47619047619047605,0.4482758620689655,3
0.3333333333333333,0.3875,0.3658536585365854,0.5555555555555554,0.4137931034482758,1
0.2948717948717948,0.65,0.8292682926829269,0.8253968253968256,0.7586206896551724,0
0.8589743589743589,0.0875,0.17073170731707318,0.2857142857142858,0.17241379310344818,3
0.5512820512820512,0.225,0.5609756097560976,0.5079365079365079,0.4137931034482758,2
0.3205128205128205,0.3875,0.41463414634146345,0.7777777777777777,0.6379310344827585,0
0.9615384615384615,0.0625,0.21951219512195125,0.11111111111111105,0.22413793103448287,3
0.17948717948717946,0.6,0.5609756097560976,0.8095238095238093,0.9827586206896552,0
0.47435897435897434,0.24999999999999997,0.3658536585365854,0.6031746031746033,0.5172413793103448,2
0.41025641025641024,0.5750000000000001,0.5609756097560976,0.6984126984126984,0.4137931034482758,1
0.7820512820512819,0.07500000000000001,0.24390243902439027,0.3015873015873016,0.18965517241379315,3
0.2564102564102564,0.5750000000000001,0.6829268292682927,0.8730158730158728,0.7068965517241379,0
0.7307692307692307,0.13749999999999998,0.17073170731707318,0.26984126984126977,0.17241379310344818,3
0.1282051282051282,0.7625000000000001,0.4390243902439025,0.73015873015873,0.6206896551724137,0
0.5512820512820512,0.225,0.5609756097560976,0.5079365079365079,0.24137931034482762,2
0.3333333333333333,0.41250000000000003,0.5365853658536587,0.7936507936507935,0.7413793103448276,1
0.30769230769230765,0.6875,0.34146341463414637,0.6507936507936507,0.9137931034482758,0
0.846153846153846,0.0875,0.26829268292682934,0.3492063492063492,0.2068965517241379,3
0.6666666666666666,0.23750000000000002,0.3170731707317074,0.23809523809523803,0.36206896551724144,2
0.6153846153846153,0.19999999999999998,0.4390243902439025,0.39682539682539675,0.4137931034482758,2
0.4487179487179487,0.55,0.24390243902439027,0.6190476190476191,0.5862068965517242,1
0.9615384615384615,0.0875,0.3170731707317074,0.3492063492063492,0.2068965517241379,3
0.423076923076923,0.6,0.39024390243902446,0.46031746031746024,0.5172413793103448,1
0.4487179487179487,0.3875,0.3658536585365854,0.6190476190476191,0.5862068965517242,1
0.47435897435897434,0.36250000000000004,0.5121951219512196,0.6031746031746033,0.7758620689655171,1
0.5512820512820512,0.30000000000000004,0.3658536585365854,0.5555555555555554,0.48275862068965525,2
0.641025641025641,0.13749999999999998,0.7073170731707318,0.2222222222222222,0.34482758620689646,2
0.1923076923076923,0.6125,0.7073170731707318,0.5555555555555554,0.7241379310344827,1
0.6025641025641025,0.0875,0.29268292682926833,0.3650793650793651,0.27586206896551724,2
0.4358974358974359,0.42500000000000004,0.39024390243902446,0.6984126984126984,0.5862068965517242,1
0.641025641025641,0.3375,0.4390243902439025,0.5396825396825398,0.5,2
0.641025641025641,0.2625,0.17073170731707318,0.17460317460317465,0.3275862068965517,3
0.20512820512820512,0.65,0.7073170731707318,0.7142857142857142,0.6379310344827585,0
0.7820512820512819,0.1,0.34146341463414637,0.3492063492063492,0.24137931034482762,3
0.5897435897435896,0.23750000000000002,0.29268292682926833,0.2222222222222222,0.24137931034482762,2
0.6538461538461537,0.2625,0.4390243902439025,0.31746031746031733,0.17241379310344818,2
0.6666666666666666,0.1875,0.6097560975609757,0.26984126984126977,0.31034482758620696,3
0.6666666666666666,0.2125,0.21951219512195125,0.38095238095238093,0.43103448275862055,3
0.8589743589743589,0.1625,0.12195121951219513,0.2222222222222222,0.24137931034482762,3
0.07692307692307693,0.8375,0.5853658536585367,0.7936507936507935,0.6896551724137929,0
0.7307692307692307,0.11249999999999999,0.3658536585365854,0.4444444444444444,0.293103448275862,3
0.7435897435897435,0.19999999999999998,0.12195121951219513,0.25396825396825395,0.03448275862068961,3
0.6025641025641025,0.41250000000000003,0.41463414634146345,0.5079365079365079,0.4137931034482758,2
0.2948717948717948,0.5875,0.41463414634146345,0.8412698412698414,0.6551724137931034,0
0.28205128205128205,0.48750000000000004,0.48780487804878053,0.73015873015873,0.6724137931034482,1
0.641025641025641,0.1,0.07317073170731708,0.4444444444444444,0.4137931034482758,3
0.7435897435897435,0.325,0.4390243902439025,0.31746031746031733,0.03448275862068961,3
0.5,0.3375,0.5609756097560976,0.3492063492063492,0.4137931034482758,2
0.7948717948717948,0.0875,0.26829268292682934,0.23809523809523803,0.08620689655172409,3
0.8589743589743589,0.0875,0.26829268292682934,0.3492063492063492,0.13793103448275867,3
0.5769230769230769,0.175,0.4390243902439025,0.4920634920634921,0.4137931034482758,2
0.8717948717948717,0.0875,0.3170731707317074,0.2063492063492064,0.18965517241379315,3
0.5512820512820512,0.275,0.41463414634146345,0.523809523809524,0.2586206896551724,2
0.6025641025641025,0.0875,0.29268292682926833,0.25396825396825395,0.27586206896551724,2
0.5256410256410255,0.1625,0.4634146341463415,0.47619047619047605,0.5689655172413794,1
0.6282051282051282,0.19999999999999998,0.21951219512195125,0.4920634920634921,0.4137931034482758,2
0.34615384615384615,0.41250000000000003,0.3170731707317074,0.6349206349206349,0.2068965517241379,1
0.8333333333333333,0.0875,0.12195121951219513,0.2222222222222222,0.31034482758620696,3
0.7948717948717948,0.0875,0.41463414634146345,0.3650793650793651,0.13793103448275867,2
0.46153846153846145,0.35000000000000003,0.5853658536585367,0.6349206349206349,0.4137931034482758,1
0.47435897435897434,0.4,0.4390243902439025,0.39682539682539675,0.4482758620689655,2
0.41025641025641024,0.4375,0.6585365853658538,0.4126984126984127,0.5344827586206897,2
0.8205128205128205,0.07500000000000001,0.04878048780487806,0.26984126984126977,0.18965517241379315,3
0.9102564102564101,0.0625,0.17073170731707318,0.1269841269841271,0.13793103448275867,3
0.7307692307692307,0.07500000000000001,0.26829268292682934,0.4285714285714285,0.2068965517241379,3
0.30769230769230765,0.4375,0.4390243902439025,0.5555555555555554,0.8620689655172413,1
0.3333333333333333,0.3875,0.6097560975609757,0.7777777777777777,0.5862068965517242,1
0.7051282051282051,0.0875,0.6097560975609757,0.17460317460317465,0.2068965517241379,3
0.5256410256410255,0.30000000000000004,0.41463414634146345,0.4126984126984127,0.4482758620689655,2
0.6923076923076923,0.049999999999999996,0.6341463414634148,0.1587301587301586,0.2586206896551724,3
0.3846153846153846,0.65,0.8292682926829269,0.6825396825396826,0.5344827586206897,1
0.641025641025641,0.23750000000000002,0.4634146341463415,0.4285714285714285,0.24137931034482762,2
0.3846153846153846,0.3375,0.4634146341463415,0.5555555555555554,0.5344827586206897,1
0.5769230769230769,0.2125,0.7317073170731708,0.33333333333333337,0.4137931034482758,2
0.3846153846153846,0.3125,0.39024390243902446,0.6190476190476191,0.6206896551724137,1
0.2692307692307692,0.475,0.3170731707317074,0.7936507936507935,0.8275862068965518,1
0.20512820512820512,0.65,0.6097560975609757,0.5873015873015872,0.7586206896551724,1
0.1923076923076923,0.5625,0.5121951219512196,0.8095238095238093,0.8620689655172413,1
0.6666666666666666,0.24999999999999997,0.5609756097560976,0.2222222222222222,0.2068965517241379,3
0.641025641025641,0.1875,0.17073170731707318,0.4126984126984127,0.4137931034482758,3
0.39743589743589736,0.525,0.4634146341463415,0.6825396825396826,0.2586206896551724,1
0.46153846153846145,0.42500000000000004,0.7317073170731708,0.39682539682539675,0.48275862068965525,2
0.46153846153846145,0.36250000000000004,0.4634146341463415,0.6031746031746033,0.5689655172413794,2
0.7051282051282051,0.28750000000000003,0.34146341463414637,0.3015873015873016,0.24137931034482762,3
0.6666666666666666,0.175,0.5853658536585367,0.26984126984126977,0.293103448275862,3
0.47435897435897434,0.4375,0.3170731707317074,0.6031746031746033,0.5689655172413794,1
0.15384615384615385,0.725,0.7073170731707318,0.5396825396825398,0.5689655172413794,0
0.8076923076923076,0.0625,0.3658536585365854,0.2222222222222222,0.18965517241379315,3
0.8076923076923076,0.125,0.4634146341463415,0.39682539682539675,0.08620689655172409,3
0.8717948717948717,0.0875,0.3658536585365854,0.2857142857142858,0.34482758620689646,3
0.2948717948717948,0.48750000000000004,0.5365853658536587,0.746031746031746,0.7586206896551724,0
0.4358974358974359,0.41250000000000003,0.48780487804878053,0.6349206349206349,0.5862068965517242,1
0.39743589743589736,0.41250000000000003,0.48780487804878053,0.6507936507936507,0.5689655172413794,1
0.47435897435897434,0.3375,0.3658536585365854,0.46031746031746024,0.5689655172413794,2
0.3205128205128205,0.30000000000000004,0.5121951219512196,0.6031746031746033,0.8620689655172413,1
0.30769230769230765,0.65,0.7073170731707318,0.8095238095238093,0.7586206896551724,0
0.846153846153846,0.175,0.34146341463414637,0.2063492063492064,0.2586206896551724,3
0.6025641025641025,0.2625,0.26829268292682934,0.4444444444444444,0.4137931034482758,2
0.47435897435897434,0.42500000000000004,0.39024390243902446,0.6190476190476191,0.603448275862069,1
0.7307692307692307,0.1,0.34146341463414637,0.23809523809523803,0.36206896551724144,2
0.423076923076923,0.5,0.3658536585365854,0.6825396825396826,0.5862068965517242,1
0.8974358974358974,0.1,0.41463414634146345,0.33333333333333337,0.15517241379310343,3
0.46153846153846145,0.45,0.3658536585365854,0.5079365079365079,0.48275862068965525,2
0.1923076923076923,0.48750000000000004,0.29268292682926833,0.8253968253968256,0.5689655172413794,0
0.34615384615384615,0.2625,0.7073170731707318,0.4920634920634921,0.5172413793103448,1
0.4358974358974359,0.48750000000000004,0.5121951219512196,0.6666666666666665,0.5689655172413794,1
0.6794871794871794,0.1,0.02439024390243903,0.3015873015873016,0.13793103448275867,2
0.6666666666666666,0.11249999999999999,0.5853658536585367,0.4444444444444444,0.22413793103448287,2
0.423076923076923,0.30000000000000004,0.5121951219512196,0.6507936507936507,0.5862068965517242,2
0.3589743589743589,0.4625,0.5853658536585367,0.4444444444444444,0.5862068965517242,2
0.47435897435897434,0.2625,0.34146341463414637,0.5873015873015872,0.4137931034482758,1
0.6282051282051282,0.19999999999999998,0.3658536585365854,0.4126984126984127,0.43103448275862055,2
0.1923076923076923,0.8375,0.6585365853658538,0.8888888888888886,0.6551724137931034,0
0.7948717948717948,0.175,0.34146341463414637,0.23809523809523803,0.2586206896551724,3
0.37179487179487175,0.625,0.5121951219512196,0.6984126984126984,0.5689655172413794,2
0.21794871794871795,0.675,0.6585365853658538,0.5714285714285714,0.7586206896551724,1
0.5769230769230769,0.3125,0.41463414634146345,0.3650793650793651,0.3793103448275862,2
0.7948717948717948,0.2125,0.39024390243902446,0.3015873015873016,0.03448275862068961,3
0.17948717948717946,0.7000000000000001,0.7560975609756099,0.6031746031746033,0.603448275862069,0
0.41025641025641024,0.3875,0.41463414634146345,0.6349206349206349,0.5862068965517242,2
0.4871794871794871,0.30000000000000004,0.39024390243902446,0.5396825396825398,0.43103448275862055,2
0.8205128205128205,0.0875,0.17073170731707318,0.33333333333333337,0.10344827586206906,3
0.5897435897435896,0.2625,0.5853658536585367,0.2063492063492064,0.3275862068965517,2
0.41025641025641024,0.4625,0.5121951219512196,0.3015873015873016,0.43103448275862055,2
0.2948717948717948,0.5125000000000001,0.5609756097560976,0.6031746031746033,0.603448275862069,0
0.5512820512820512,0.07500000000000001,0.34146341463414637,0.33333333333333337,0.24137931034482762,2
0.3589743589743589,0.41250000000000003,0.3170731707317074,0.6825396825396826,0.7586206896551724,1
0.5256410256410255,0.325,0.4634146341463415,0.5555555555555554,0.5344827586206897,2
0.6025641025641025,0.13749999999999998,0.3170731707317074,0.3015873015873016,0.2586206896551724,2
0.8589743589743589,0.1,0.29268292682926833,0.2857142857142858,0.2586206896551724,3
0.3205128205128205,0.5375,0.39024390243902446,0.4444444444444444,0.5517241379310345,1
0.6282051282051282,0.15,0.41463414634146345,0.47619047619047605,0.4137931034482758,2
0.423076923076923,0.19999999999999998,0.5365853658536587,0.6349206349206349,0.4137931034482758,2
0.34615384615384615,0.45,0.48780487804878053,0.46031746031746024,0.5689655172413794,3
0.641025641025641,0.23750000000000002,0.26829268292682934,0.4285714285714285,0.43103448275862055,3
0.8205128205128205,0.0875,0.17073170731707318,0.2222222222222222,0.18965517241379315,3
0.9102564102564101,0.0875,0.34146341463414637,0.25396825396825395,0.3275862068965517,3
0.4487179487179487,0.5125000000000001,0.3658536585365854,0.6507936507936507,0.6206896551724137,1
0.1282051282051282,0.675,0.6341463414634148,0.6825396825396826,0.603448275862069,0
0.9358974358974359,0.0875,0.04878048780487806,0.19047619047619047,0.27586206896551724,3
0.7179487179487178,0.2125,0.5121951219512196,0.3650793650793651,0.39655172413793105,3
0.6025641025641025,0.325,0.24390243902439027,0.2222222222222222,0.39655172413793105,2
0.28205128205128205,0.675,0.7804878048780489,0.8253968253968256,0.7586206896551724,0
0.6025641025641025,0.07500000000000001,0.41463414634146345,0.2857142857142858,0.36206896551724144,3
0.3589743589743589,0.36250000000000004,0.5121951219512196,0.5714285714285714,0.8793103448275861,1
0.6153846153846153,0.3375,0.39024390243902446,0.6031746031746033,0.4482758620689655,2
0.5,0.525,0.48780487804878053,0.33333333333333337,0.4137931034482758,2
0.7564102564102564,0.07500000000000001,0.39024390243902446,0.17460317460317465,0.24137931034482762,3
0.3846153846153846,0.42500000000000004,0.39024390243902446,0.4126984126984127,0.43103448275862055,1
0.5512820512820512,0.4375,0.24390243902439027,0.2222222222222222,0.27586206896551724,3
0.46153846153846145,0.35000000000000003,0.5121951219512196,0.3650793650793651,0.4137931034482758,2
0.5769230769230769,0.13749999999999998,0.4390243902439025,0.26984126984126977,0.36206896551724144,2
0.4358974358974359,0.3875,0.48780487804878053,0.3650793650793651,0.4137931034482758,2
0.6538461538461537,0.0875,0.5121951219512196,0.3492063492063492,0.08620689655172409,2
0.5384615384615384,0.24999999999999997,0.4390243902439025,0.23809523809523803,0.39655172413793105,2
0.30769230769230765,0.5625,0.5853658536585367,0.6666666666666665,0.7931034482758619,1
0.7435897435897435,0.2625,0.29268292682926833,0.17460317460317465,0.36206896551724144,3
0.41025641025641024,0.3125,0.3658536585365854,0.39682539682539675,0.4655172413793103,2
0.24358974358974356,0.6875,0.39024390243902446,0.746031746031746,0.7931034482758619,1
0.9358974358974359,0.0875,0.39024390243902446,0.17460317460317465,0.17241379310344818,3
0.34615384615384615,0.5875,0.3658536585365854,0.6984126984126984,0.7068965517241379,1
0.5256410256410255,0.23750000000000002,0.39024390243902446,0.5873015873015872,0.5172413793103448,2
0.7820512820512819,0.0875,0.34146341463414637,0.25396825396825395,0.24137931034482762,3
0.39743589743589736,0.28750000000000003,0.48780487804878053,0.5873015873015872,0.24137931034482762,1
0.17948717948717946,0.775,0.7317073170731708,0.6666666666666665,0.9137931034482758,0
0.46153846153846145,0.375,0.5365853658536587,0.5714285714285714,0.3793103448275862,2
0.5769230769230769,0.2625,0.17073170731707318,0.17460317460317465,0.2068965517241379,2
0.37179487179487175,0.55,0.4634146341463415,0.4444444444444444,0.6206896551724137,1
0.17948717948717946,0.6625,0.6341463414634148,0.5555555555555554,0.8103448275862071,1
0.5256410256410255,0.325,0.48780487804878053,0.5873015873015872,0.39655172413793105,1
0.08974358974358973,0.75,0.6341463414634148,0.7777777777777777,0.7068965517241379,0
0.5641025641025641,0.13749999999999998,0.7560975609756099,0.2222222222222222,0.39655172413793105,2
0.3333333333333333,0.525,0.41463414634146345,0.4920634920634921,0.5862068965517242,1
0.423076923076923,0.475,0.41463414634146345,0.39682539682539675,0.5344827586206897,2
0.2692307692307692,0.7125,0.48780487804878053,0.46031746031746024,0.5689655172413794,1
0.34615384615384615,0.375,0.8048780487804879,0.7936507936507935,0.8275862068965518,1
0.28205128205128205,0.7125,0.7317073170731708,0.8412698412698414,0.6896551724137929,0
0.9358974358974359,0.0875,0.3170731707317074,0.1428571428571428,0.31034482758620696,3
0.15384615384615385,0.6875,0.6585365853658538,0.5555555555555554,0.603448275862069,0
0.11538461538461536,0.675,0.6829268292682927,0.73015873015873,0.8620689655172413,0
0.5384615384615384,0.225,0.5121951219512196,0.4285714285714285,0.5517241379310345,1
0.7948717948717948,0.0875,0.07317073170731708,0.1428571428571428,0.39655172413793105,3
0.4487179487179487,0.48750000000000004,0.7317073170731708,0.39682539682539675,0.5172413793103448,1
0.7435897435897435,0.2625,0.3170731707317074,0.2222222222222222,0.15517241379310343,3
0.1282051282051282,0.7375,0.5609756097560976,0.7777777777777777,0.7068965517241379,0
0.37179487179487175,0.6125,0.6585365853658538,0.5396825396825398,0.6551724137931034,0
0.2564102564102564,0.5375,0.4390243902439025,0.5555555555555554,0.6206896551724137,1
0.5256410256410255,0.19999999999999998,0.5365853658536587,0.5555555555555554,0.5,2
0.3846153846153846,0.5625,0.12195121951219513,0.4126984126984127,0.4137931034482758,0
0.846153846153846,0.0875,0.3658536585365854,0.38095238095238093,0.15517241379310343,3
0.4871794871794871,0.48750000000000004,0.6829268292682927,0.33333333333333337,0.3793103448275862,2
0.8205128205128205,0.0875,0.26829268292682934,0.26984126984126977,0.3275862068965517,3
0.6025641025641025,0.175,0.5121951219512196,0.38095238095238093,0.22413793103448287,3
0.5897435897435896,0.36250000000000004,0.4390243902439025,0.4920634920634921,0.39655172413793105,2
0.2692307692307692,0.225,0.6341463414634148,0.7777777777777777,0.5517241379310345,1
0.39743589743589736,0.5125000000000001,0.41463414634146345,0.6031746031746033,0.896551724137931,0
0.7692307692307692,0.0375,0.17073170731707318,0.2063492063492064,0.12068965517241381,3
0.5384615384615384,0.30000000000000004,0.34146341463414637,0.523809523809524,0.24137931034482762,2
0.5128205128205128,0.36250000000000004,0.39024390243902446,0.4126984126984127,0.48275862068965525,1
0.641025641025641,0.4625,0.09756097560975611,0.4126984126984127,0.48275862068965525,2
0.6666666666666666,0.1625,0.7073170731707318,0.4126984126984127,0.4482758620689655,3
0.4487179487179487,0.19999999999999998,0.39024390243902446,0.0793650793650793,0.4137931034482758,2
0.37179487179487175,0.24999999999999997,0.6829268292682927,0.523809523809524,0.43103448275862055,1
0.9487179487179487,0.0875,0.09756097560975611,0.3015873015873016,0.34482758620689646,3
0.3205128205128205,0.4375,0.7073170731707318,0.5396825396825398,0.5689655172413794,1
0.6025641025641025,0.0875,0.26829268292682934,0.4444444444444444,0.4137931034482758,2
0.6666666666666666,0.0875,0.6341463414634148,0.47619047619047605,0.2586206896551724,3
0.846153846153846,0.0875,0.41463414634146345,0.1428571428571428,0.39655172413793105,3
0.4358974358974359,0.48750000000000004,0.4390243902439025,0.6666666666666665,0.4137931034482758,1
0.6282051282051282,0.23750000000000002,0.3170731707317074,0.31746031746031733,0.15517241379310343,3
0.23076923076923073,0.6,0.34146341463414637,0.7777777777777777,0.6724137931034482,1
0.8333333333333333,0.125,0.17073170731707318,0.1269841269841271,0.10344827586206906,3
0.24358974358974356,0.6125,0.5853658536585367,0.5873015873015872,0.603448275862069,1
0.7820512820512819,0.11249999999999999,0.26829268292682934,0.3650793650793651,0.31034482758620696,3
0.4487179487179487,0.4,0.4390243902439025,0.38095238095238093,0.39655172413793105,2
0.5256410256410255,0.1625,0.4390243902439025,0.5555555555555554,0.4137931034482758,2
0.6153846153846153,0.2125,0.48780487804878053,0.38095238095238093,0.4137931034482758,2
0.7692307692307692,0.1625,0.26829268292682934,0.31746031746031733,0.36206896551724144,3
0.6794871794871794,0.15,0.41463414634146345,0.3650793650793651,0.22413793103448287,3
0.28205128205128205,0.6,0.5853658536585367,0.857142857142857,0.9827586206896552,0
0.2948717948717948,0.4,0.4634146341463415,0.7936507936507935,0.8793103448275861,0
0.34615384615384615,0.6125,0.6829268292682927,0.7777777777777777,0.6724137931034482,1
0.6666666666666666,0.225,0.21951219512195125,0.11111111111111105,0.2586206896551724,3
0.24358974358974356,0.6,0.7317073170731708,0.6031746031746033,0.9310344827586206,1
0.3333333333333333,0.45,0.7073170731707318,0.523809523809524,0.5517241379310345,1
0.2948717948717948,0.5375,0.6585365853658538,0.8095238095238093,0.5344827586206897,1
0.8717948717948717,0.1,0.39024390243902446,0.3015873015873016,0.34482758620689646,3
0.423076923076923,0.475,0.26829268292682934,0.6349206349206349,0.6206896551724137,0
0.46153846153846145,0.325,0.5365853658536587,0.5873015873015872,0.5862068965517242,1
0.4487179487179487,0.275,0.4390243902439025,0.5714285714285714,0.4655172413793103,1
0.7948717948717948,0.0875,0.19512195121951223,0.31746031746031733,0.24137931034482762,3
0.37179487179487175,0.36250000000000004,0.4390243902439025,0.6666666666666665,0.7586206896551724,1
0.4358974358974359,0.42500000000000004,0.4390243902439025,0.6190476190476191,0.5862068965517242,2
0.5384615384615384,0.3375,0.4634146341463415,0.46031746031746024,0.4137931034482758,3
0.3589743589743589,0.5125000000000001,0.5853658536585367,0.746031746031746,0.5862068965517242,1
0.15384615384615385,0.6,0.6097560975609757,0.746031746031746,0.5689655172413794,0
0.3333333333333333,0.5,0.29268292682926833,0.6349206349206349,0.7413793103448276,1
0.6282051282051282,0.125,0.34146341463414637,0.47619047619047605,0.24137931034482762,2
0.2948717948717948,0.48750000000000004,0.5365853658536587,0.7777777777777777,0.7931034482758619,0
0.4358974358974359,0.45,0.5853658536585367,0.6190476190476191,0.7758620689655171,1
0.23076923076923073,0.75,0.4390243902439025,0.6190476190476191,0.6551724137931034,1
0.5256410256410255,0.225,0.4390243902439025,0.4444444444444444,0.5172413793103448,2
0.423076923076923,0.4,0.4634146341463415,0.6507936507936507,0.39655172413793105,1
0.5,0.2625,0.6097560975609757,0.47619047619047605,0.5,2
0.6153846153846153,0.225,0.6097560975609757,0.2857142857142858,0.293103448275862,3
0.3333333333333333,0.475,0.48780487804878053,0.46031746031746024,0.5862068965517242,3
0.423076923076923,0.24999999999999997,0.5365853658536587,0.4126984126984127,0.5344827586206897,2
0.5256410256410255,0.2625,0.4634146341463415,0.5714285714285714,0.39655172413793105,1
0.5897435897435896,0.41250000000000003,0.5853658536585367,0.3015873015873016,0.10344827586206906,2
0.2948717948717948,0.5125000000000001,0.39024390243902446,0.6666666666666665,0.8275862068965518,0
0.20512820512820512,0.5125000000000001,0.6097560975609757,0.5873015873015872,0.7931034482758619,0
0.34615384615384615,0.6375000000000001,0.5365853658536587,0.746031746031746,0.5172413793103448,1
0.5384615384615384,0.275,0.26829268292682934,0.23809523809523803,0.3793103448275862,2
0.6538461538461537,0.0625,0.6097560975609757,0.2063492063492064,0.34482758620689646,3
0.7435897435897435,0.1,0.39024390243902446,0.1587301587301586,0.08620689655172409,3
0.41025641025641024,0.5125000000000001,0.39024390243902446,0.5873015873015872,0.24137931034482762,1
0.11538461538461536,0.875,0.39024390243902446,0.8095238095238093,0.7758620689655171,0
0.5769230769230769,0.225,0.5121951219512196,0.2857142857142858,0.2586206896551724,3
0.6282051282051282,0.19999999999999998,0.3658536585365854,0.1587301587301586,0.13793103448275867,3
0.8076923076923076,0.0625,0.39024390243902446,0.25396825396825395,0.17241379310344818,3
0.5769230769230769,0.19999999999999998,0.19512195121951223,0.523809523809524,0.48275862068965525,2
0.6666666666666666,0.275,0.41463414634146345,0.4285714285714285,0.24137931034482762,3
0.7179487179487178,0.23750000000000002,0.24390243902439027,0.38095238095238093,0.27586206896551724,3
0.5256410256410255,0.19999999999999998,0.5121951219512196,0.4444444444444444,0.5862068965517242,2
0.6282051282051282,0.36250000000000004,0.39024390243902446,0.25396825396825395,0.03448275862068961,3
0.423076923076923,0.4625,0.39024390243902446,0.6507936507936507,0.7241379310344827,2
0.9358974358974359,0.125,0.3658536585365854,0.015873015873015928,0.27586206896551724,3
0.5897435897435896,0.175,0.41463414634146345,0.2857142857142858,0.22413793103448287,3
0.41025641025641024,0.48750000000000004,0.5121951219512196,0.4920634920634921,0.18965517241379315,2
0.21794871794871795,0.7000000000000001,0.5365853658536587,0.6507936507936507,0.7758620689655171,1
0.5128205128205128,0.42500000000000004,0.48780487804878053,0.47619047619047605,0.4137931034482758,1
0.641025641025641,0.13749999999999998,0.6097560975609757,0.17460317460317465,0.24137931034482762,2
0.16666666666666663,0.5375,0.5853658536585367,0.6031746031746033,0.7586206896551724,0
0.4871794871794871,0.4,0.3170731707317074,0.2857142857142858,0.39655172413793105,2
0.5512820512820512,0.3375,0.41463414634146345,0.47619047619047605,0.4655172413793103,2
0.4871794871794871,0.1875,0.4390243902439025,0.5396825396825398,0.4137931034482758,2
0.37179487179487175,0.5,0.41463414634146345,0.47619047619047605,0.5172413793103448,1
0.423076923076923,0.4,0.5365853658536587,0.6190476190476191,0.5862068965517242,1
0.7692307692307692,0.13749999999999998,0.29268292682926833,0.26984126984126977,0.24137931034482762,3
0.21794871794871795,0.625,0.4634146341463415,0.6825396825396826,0.7931034482758619,1
0.3333333333333333,0.45,0.6097560975609757,0.5714285714285714,0.5517241379310345,1
0.9102564102564101,0.11249999999999999,0.29268292682926833,0.23809523809523803,0.2068965517241379,3
0.5769230769230769,0.35000000000000003,0.3658536585365854,0.523809523809524,0.48275862068965525,2
0.10256410256410256,0.6875,0.6829268292682927,0.6666666666666665,0.7586206896551724,1
0.846153846153846,0.11249999999999999,0.04878048780487806,0.19047619047619047,0.2068965517241379,3
0.11538461538461536,0.8625,0.34146341463414637,0.8253968253968256,0.8620689655172413,0
0.4871794871794871,0.225,0.3658536585365854,0.5079365079365079,0.24137931034482762,2
0.11538461538461536,0.6625,0.4634146341463415,0.7777777777777777,0.6551724137931034,0
0.1282051282051282,0.7125,0.6585365853658538,0.5555555555555554,0.7068965517241379,0
0.41025641025641024,0.24999999999999997,0.4390243902439025,0.4126984126984127,0.5344827586206897,2
0.3333333333333333,0.3375,0.8048780487804879,0.73015873015873,0.7413793103448276,1
0.5769230769230769,0.3875,0.5365853658536587,0.26984126984126977,0.24137931034482762,2
0.39743589743589736,0.3125,0.29268292682926833,0.6666666666666665,0.603448275862069,1
0.7307692307692307,0.0875,0.5121951219512196,0.3015873015873016,0.24137931034482762,3
0.28205128205128205,0.625,0.5365853658536587,0.6349206349206349,0.6896551724137929,0
0.3589743589743589,0.6,0.41463414634146345,0.46031746031746024,0.48275862068965525,1
0.8846153846153846,0.07500000000000001,0.24390243902439027,0.1269841269841271,0.293103448275862,3
0.39743589743589736,0.525,0.5121951219512196,0.6190476190476191,0.24137931034482762,1
0.47435897435897434,0.4375,0.5121951219512196,0.5555555555555554,0.4137931034482758,2
0.4871794871794871,0.3125,0.41463414634146345,0.33333333333333337,0.3793103448275862,2
0.4487179487179487,0.36250000000000004,0.48780487804878053,0.39682539682539675,0.5172413793103448,2
0.6794871794871794,0.125,0.34146341463414637,0.3015873015873016,0.10344827586206906,2
0.46153846153846145,0.5,0.3658536585365854,0.6349206349206349,0.6206896551724137,2
0.08974358974358973,0.7000000000000001,0.6829268292682927,0.5873015873015872,0.7586206896551724,1
0.10256410256410256,0.7125,0.5365853658536587,0.8095238095238093,0.5862068965517242,0
0.6025641025641025,0.42500000000000004,0.17073170731707318,0.3015873015873016,0.27586206896551724,3
0.3333333333333333,0.5750000000000001,0.6097560975609757,0.7619047619047619,0.5862068965517242,1
0.6282051282051282,0.125,0.3170731707317074,0.4285714285714285,0.39655172413793105,2
0.5897435897435896,0.375,0.5121951219512196,0.523809523809524,0.4137931034482758,2
0.16666666666666663,0.6375000000000001,0.5121951219512196,0.6984126984126984,0.8448275862068966,0
0.9487179487179487,0.0875,0.29268292682926833,0.04761904761904756,0.24137931034482762,3
0.39743589743589736,0.475,0.6097560975609757,0.6666666666666665,0.5689655172413794,1
0.6025641025641025,0.28750000000000003,0.21951219512195125,0.5714285714285714,0.4482758620689655,3
0.5384615384615384,0.41250000000000003,0.4390243902439025,0.5396825396825398,0.4137931034482758,2
0.8717948717948717,0.07500000000000001,0.39024390243902446,0.31746031746031733,0.24137931034482762,3
0.11538461538461536,0.75,0.7560975609756099,0.7936507936507935,0.7241379310344827,0
0.5384615384615384,0.325,0.5121951219512196,0.5079365079365079,0.43103448275862055,2
0.7564102564102564,0.0625,0.14634146341463417,0.38095238095238093,0.2068965517241379,3
0.9743589743589742,0.0875,0.26829268292682934,0.2857142857142858,0.4655172413793103,3
0.2692307692307692,0.5625,0.6097560975609757,0.9047619047619049,0.7068965517241379,0
0.01282051282051283,0.675,0.7317073170731708,0.5873015873015872,0.6206896551724137,0
0.6282051282051282,0.0875,0.26829268292682934,0.46031746031746024,0.4137931034482758,2
0.4487179487179487,0.4375,0.3658536585365854,0.5873015873015872,0.4137931034482758,2
0.46153846153846145,0.5375,0.41463414634146345,0.5873015873015872,0.4137931034482758,1
0.39743589743589736,0.475,0.6097560975609757,0.6825396825396826,0.5862068965517242,1
0.7820512820512819,0.275,0.17073170731707318,0.38095238095238093,0.08620689655172409,3
0.3333333333333333,0.225,0.5121951219512196,0.8253968253968256,0.7586206896551724,1
0.846153846153846,0.07500000000000001,0.34146341463414637,0.38095238095238093,0.36206896551724144,3
0.34615384615384615,0.5750000000000001,0.29268292682926833,0.6190476190476191,0.5862068965517242,1
0.5769230769230769,0.41250000000000003,0.26829268292682934,0.2857142857142858,0.27586206896551724,3
0.6025641025641025,0.0625,0.4390243902439025,0.5555555555555554,0.5172413793103448,2
0.24358974358974356,0.5875,0.6341463414634148,0.8412698412698414,0.6551724137931034,0
0.10256410256410256,0.75,0.6341463414634148,0.8412698412698414,0.8620689655172413,0
0.46153846153846145,0.4625,0.4390243902439025,0.4920634920634921,0.5862068965517242,1
0.11538461538461536,0.775,0.7317073170731708,0.6349206349206349,0.7586206896551724,0
0.34615384615384615,0.3125,0.5121951219512196,0.857142857142857,0.7931034482758619,1
0.9743589743589742,0.1,0.39024390243902446,0.1587301587301586,0.2068965517241379,3
0.7948717948717948,0.11249999999999999,0.29268292682926833,0.1587301587301586,0.31034482758620696,3
0.30769230769230765,0.475,0.34146341463414637,0.6825396825396826,0.603448275862069,0
0.41025641025641024,0.3125,0.5121951219512196,0.6031746031746033,0.2068965517241379,1
0.5384615384615384,0.23750000000000002,0.24390243902439027,0.523809523809524,0.5689655172413794,3
0.5,0.36250000000000004,0.4390243902439025,0.5873015873015872,0.5862068965517242,2
0.4487179487179487,0.3125,0.4390243902439025,0.6031746031746033,0.4137931034482758,2
0.16666666666666663,0.48750000000000004,0.6341463414634148,0.5396825396825398,0.8275862068965518,1
0.46153846153846145,0.24999999999999997,0.5365853658536587,0.33333333333333337,0.4137931034482758,2
0.39743589743589736,0.4625,0.5853658536585367,0.6031746031746033,0.5689655172413794,2
0.5769230769230769,0.30000000000000004,0.5853658536585367,0.47619047619047605,0.4137931034482758,2
0.7692307692307692,0.1,0.12195121951219513,0.38095238095238093,0.2586206896551724,3
0.2692307692307692,0.55,0.4634146341463415,0.7777777777777777,0.7241379310344827,0
0.3846153846153846,0.4625,0.34146341463414637,0.6349206349206349,0.5689655172413794,1
0.8076923076923076,0.0875,0.29268292682926833,0.3015873015873016,0.18965517241379315,3
0.5384615384615384,0.175,0.4634146341463415,0.5396825396825398,0.4137931034482758,2
0.4358974358974359,0.275,0.39024390243902446,0.6190476190476191,0.4137931034482758,1
0.5897435897435896,0.35000000000000003,0.29268292682926833,0.4920634920634921,0.4482758620689655,2
0.37179487179487175,0.375,0.853658536585366,0.5873015873015872,0.96551724137931,1
0.7948717948717948,0.0875,0.39024390243902446,0.23809523809523803,0.3275862068965517,3
0.6282051282051282,0.41250000000000003,0.41463414634146345,0.46031746031746024,0.4137931034482758,2
0.5897435897435896,0.28750000000000003,0.41463414634146345,0.31746031746031733,0.22413793103448287,2
0.7179487179487178,0.1,0.34146341463414637,0.2222222222222222,0.4137931034482758,3
0.8076923076923076,0.07500000000000001,0.3658536585365854,0.2063492063492064,0.18965517241379315,3
0.423076923076923,0.3375,0.26829268292682934,0.5396825396825398,0.4655172413793103,2
0.41025641025641024,0.30000000000000004,0.3658536585365854,0.6190476190476191,0.43103448275862055,1
0.47435897435897434,0.36250000000000004,0.6829268292682927,0.6190476190476191,0.4137931034482758,1
0.23076923076923073,0.5875,0.6097560975609757,0.8888888888888886,0.7241379310344827,0
0.46153846153846145,0.4625,0.39024390243902446,0.8095238095238093,0.6206896551724137,1
0.3205128205128205,0.23750000000000002,0.5609756097560976,0.746031746031746,0.7931034482758619,1
0.8205128205128205,0.11249999999999999,0.17073170731707318,0.23809523809523803,0.06896551724137934,3
0.7820512820512819,0.0875,0.3658536585365854,0.33333333333333337,0.06896551724137934,3
0.6666666666666666,0.0875,0.5853658536585367,0.4285714285714285,0.24137931034482762,3
0.1282051282051282,0.6375000000000001,0.6585365853658538,0.6349206349206349,0.6896551724137929,0
0.6794871794871794,0.1625,0.4390243902439025,0.23809523809523803,0.293103448275862,2
0.5384615384615384,0.375,0.6097560975609757,0.47619047619047605,0.5,2
0.5897435897435896,0.30000000000000004,0.5853658536585367,0.38095238095238093,0.293103448275862,2
0.37179487179487175,0.4375,0.5853658536585367,0.46031746031746024,0.5862068965517242,1
0.4487179487179487,0.5,0.6829268292682927,0.3492063492063492,0.4137931034482758,2
0.39743589743589736,0.5,0.4390243902439025,0.5873015873015872,0.5517241379310345,2
0.3333333333333333,0.4375,0.48780487804878053,0.6190476190476191,0.8793103448275861,1
0.5769230769230769,0.3125,0.21951219512195125,0.4920634920634921,0.4137931034482758,2
0.5256410256410255,0.325,0.39024390243902446,0.47619047619047605,0.36206896551724144,2
0.7948717948717948,0.1875,0.34146341463414637,0.23809523809523803,0.24137931034482762,3
0.6025641025641025,0.24999999999999997,0.4634146341463415,0.25396825396825395,0.3275862068965517,2
0.6025641025641025,0.2625,0.3170731707317074,0.26984126984126977,0.27586206896551724,2
0.8974358974358974,0.1,0.07317073170731708,0.2222222222222222,0.24137931034482762,3
0.41025641025641024,0.4625,0.5121951219512196,0.4285714285714285,0.5172413793103448,1
0.3333333333333333,0.55,0.41463414634146345,0.73015873015873,0.6379310344827585,0
0.47435897435897434,0.41250000000000003,0.29268292682926833,0.6190476190476191,0.603448275862069,1
0.3333333333333333,0.375,0.878048780487805,0.6190476190476191,0.8103448275862071,0
0.5512820512820512,0.475,0.4634146341463415,0.33333333333333337,0.2068965517241379,2
0.6923076923076923,0.1,0.29268292682926833,0.38095238095238093,0.12068965517241381,2
0.4487179487179487,0.1875,0.5365853658536587,0.47619047619047605,0.4655172413793103,2
0.2564102564102564,0.6625,0.6341463414634148,0.7777777777777777,0.7241379310344827,0
0.30769230769230765,0.55,0.7804878048780489,0.857142857142857,0.7586206896551724,1
0.846153846153846,0.0875,0.09756097560975611,0.2857142857142858,0.08620689655172409,3
0.5,0.48750000000000004,0.3658536585365854,0.6507936507936507,0.5689655172413794,1
0.46153846153846145,0.5625,0.5365853658536587,0.5396825396825398,0.4482758620689655,2
0.30769230769230765,0.3875,0.5609756097560976,0.6666666666666665,0.8793103448275861,0
0.1923076923076923,0.6,0.8048780487804879,0.8095238095238093,0.8103448275862071,0
0.9230769230769229,0.0875,0.3658536585365854,0.33333333333333337,0.06896551724137934,3
0.8205128205128205,0.0875,0.02439024390243903,0.1587301587301586,0.3793103448275862,3
0.6794871794871794,0.0875,0.17073170731707318,0.3650793650793651,0.39655172413793105,3
0.6153846153846153,0.15,0.4634146341463415,0.523809523809524,0.43103448275862055,2
0.7692307692307692,0.049999999999999996,0.34146341463414637,0.3492063492063492,0.10344827586206906,2
0.41025641025641024,0.4,0.4390243902439025,0.4920634920634921,0.6379310344827585,1
0.423076923076923,0.3875,0.3170731707317074,0.5555555555555554,0.5172413793103448,1
0.5641025641025641,0.3375,0.48780487804878053,0.38095238095238093,0.4137931034482758,2
0.37179487179487175,0.5375,0.5609756097560976,0.46031746031746024,0.6724137931034482,2
0.8333333333333333,0.11249999999999999,0.17073170731707318,0.2063492063492064,0.293103448275862,3
0.5512820512820512,0.2625,0.41463414634146345,0.523809523809524,0.4655172413793103,3
0.3205128205128205,0.5,0.7073170731707318,0.8730158730158728,0.603448275862069,0
0.8333333333333333,0.11249999999999999,0.3170731707317074,0.2857142857142858,0.10344827586206906,3
0.6025641025641025,0.1625,0.21951219512195125,0.38095238095238093,0.5172413793103448,3
0.47435897435897434,0.3375,0.5853658536585367,0.4126984126984127,0.5344827586206897,2
0.1282051282051282,0.7625000000000001,0.7317073170731708,0.6825396825396826,0.7931034482758619,0
0.8974358974358974,0.0875,0.26829268292682934,0.2063492063492064,0.2068965517241379,3
0.41025641025641024,0.275,0.39024390243902446,0.6349206349206349,0.5862068965517242,1
0.423076923076923,0.525,0.5121951219512196,0.6190476190476191,0.5862068965517242,1
0.5,0.41250000000000003,0.6097560975609757,0.5873015873015872,0.4137931034482758,2
0.3333333333333333,0.48750000000000004,0.24390243902439027,0.6190476190476191,0.8448275862068966,1
0.6666666666666666,0.1875,0.29268292682926833,0.17460317460317465,0.10344827586206906,3
0.6153846153846153,0.28750000000000003,0.48780487804878053,0.3650793650793651,0.3275862068965517,2
0.7948717948717948,0.0875,0.21951219512195125,0.17460317460317465,0.3793103448275862,3
0.30769230769230765,0.6625,0.5365853658536587,0.7777777777777777,0.7586206896551724,0
0.6153846153846153,0.24999999999999997,0.34146341463414637,0.2222222222222222,0.34482758620689646,3
0.5641025641025641,0.2125,0.48780487804878053,0.4444444444444444,0.5172413793103448,2
0.30769230769230765,0.6,0.5609756097560976,0.6507936507936507,0.7586206896551724,1
0.47435897435897434,0.41250000000000003,0.29268292682926833,0.4126984126984127,0.4655172413793103,2
0.37179487179487175,0.5,0.48780487804878053,0.5079365079365079,0.5862068965517242,2
0.6153846153846153,0.23750000000000002,0.21951219512195125,0.31746031746031733,0.15517241379310343,3
0.6666666666666666,0.0875,0.39024390243902446,0.1587301587301586,0.4482758620689655,2
0.34615384615384615,0.525,0.4634146341463415,0.6825396825396826,0.7931034482758619,1
0.6923076923076923,0.1,0.24390243902439027,0.2857142857142858,0.12068965517241381,2
0.0641025641025641,0.7375,0.8048780487804879,0.7777777777777777,0.6724137931034482,0
0.5256410256410255,0.28750000000000003,0.41463414634146345,0.5396825396825398,0.24137931034482762,2
0.5,0.4625,0.6097560975609757,0.4285714285714285,0.4655172413793103,2
0.37179487179487175,0.5375,0.7073170731707318,0.746031746031746,0.4137931034482758,0
0.7435897435897435,0.2625,0.34146341463414637,0.25396825396825395,0.12068965517241381,3
0.5512820512820512,0.35000000000000003,0.41463414634146345,0.38095238095238093,0.5,3
0.47435897435897434,0.6625,0.29268292682926833,0.6190476190476191,0.4655172413793103,1
0.7564102564102564,0.0875,0.41463414634146345,0.25396825396825395,0.39655172413793105,3
0.30769230769230765,0.55,0.4390243902439025,0.5555555555555554,0.6379310344827585,1
0.6794871794871794,0.0875,0.4634146341463415,0.3492063492063492,0.34482758620689646,2
0.6538461538461537,0.28750000000000003,0.5609756097560976,0.23809523809523803,0.22413793103448287,3
0.7564102564102564,0.2125,0.4634146341463415,0.33333333333333337,0.27586206896551724,3
0.5512820512820512,0.3875,0.41463414634146345,0.4920634920634921,0.27586206896551724,2
0.5128205128205128,0.525,0.41463414634146345,0.47619047619047605,0.24137931034482762,1
0.39743589743589736,0.5375,0.41463414634146345,0.7142857142857142,0.4137931034482758,1
0.5256410256410255,0.45,0.4634146341463415,0.5714285714285714,0.34482758620689646,2
0.5384615384615384,0.375,0.14634146341463417,0.5396825396825398,0.4655172413793103,2
0.34615384615384615,0.48750000000000004,0.4390243902439025,0.7619047619047619,0.4137931034482758,0
0.6282051282051282,0.125,0.5609756097560976,0.17460317460317465,0.13793103448275867,2
0.6282051282051282,0.19999999999999998,0.5121951219512196,0.4126984126984127,0.39655172413793105,2
0.1282051282051282,0.7875,0.6341463414634148,0.6190476190476191,0.8103448275862071,0
0.6153846153846153,0.175,0.5121951219512196,0.17460317460317465,0.34482758620689646,3
0.4358974358974359,0.4,0.5365853658536587,0.6190476190476191,0.5862068965517242,1
0.7564102564102564,0.07500000000000001,0.5609756097560976,0.38095238095238093,0.06896551724137934,3
0.6282051282051282,0.2125,0.4390243902439025,0.2063492063492064,0.17241379310344818,2
0.2564102564102564,0.5750000000000001,0.48780487804878053,0.857142857142857,0.6206896551724137,0
0.6025641025641025,0.375,0.17073170731707318,0.5079365079365079,0.4655172413793103,1
0.24358974358974356,0.675,0.8048780487804879,0.6984126984126984,0.6551724137931034,1
0.641025641025641,0.2625,0.3170731707317074,0.4126984126984127,0.43103448275862055,3
0.423076923076923,0.30000000000000004,0.39024390243902446,0.4920634920634921,0.4655172413793103,1
0.5,0.525,0.34146341463414637,0.4285714285714285,0.24137931034482762,2
0.20512820512820512,0.65,0.6585365853658538,0.7777777777777777,0.7586206896551724,1
0.46153846153846145,0.3875,0.6585365853658538,0.7142857142857142,0.5862068965517242,1
0.6282051282051282,0.24999999999999997,0.39024390243902446,0.3650793650793651,0.3793103448275862,2
0.7307692307692307,0.0625,0.21951219512195125,0.33333333333333337,0.13793103448275867,3
0.46153846153846145,0.3875,0.5365853658536587,0.6031746031746033,0.7586206896551724,1
0.4487179487179487,0.325,0.3658536585365854,0.4444444444444444,0.6379310344827585,2
0.5384615384615384,0.36250000000000004,0.5365853658536587,0.47619047619047605,0.4137931034482758,2
0.8589743589743589,0.07500000000000001,0.26829268292682934,0.2857142857142858,0.13793103448275867,3
0.17948717948717946,0.675,0.7804878048780489,0.5714285714285714,0.6206896551724137,0
0.4871794871794871,0.375,0.48780487804878053,0.6507936507936507,0.5862068965517242,2
0.7179487179487178,0.0625,0.26829268292682934,0.3015873015873016,0.06896551724137934,3
0.6923076923076923,0.1,0.5365853658536587,0.39682539682539675,0.3275862068965517,3
0.7948717948717948,0.1,0.3658536585365854,0.23809523809523803,0.12068965517241381,3
0.37179487179487175,0.36250000000000004,0.4390243902439025,0.6984126984126984,0.7586206896551724,1
0.9230769230769229,0.0875,0.21951219512195125,0.0793650793650793,0.24137931034482762,3
0.16666666666666663,0.5625,0.5121951219512196,0.8253968253968256,0.9310344827586206,0
0.6923076923076923,0.41250000000000003,0.39024390243902446,0.2222222222222222,0.12068965517241381,3
0.16666666666666663,0.6875,0.878048780487805,0.6984126984126984,0.8448275862068966,0
0.6538461538461537,0.125,0.48780487804878053,0.25396825396825395,0.22413793103448287,3
0.5128205128205128,0.225,0.6585365853658538,0.4920634920634921,0.5517241379310345,2
0.641025641025641,0.1875,0.48780487804878053,0.23809523809523803,0.2586206896551724,3
0.7051282051282051,0.07500000000000001,0.21951219512195125,0.2222222222222222,0.13793103448275867,3
0.5384615384615384,0.2625,0.34146341463414637,0.5396825396825398,0.5517241379310345,1
0.423076923076923,0.41250000000000003,0.41463414634146345,0.39682539682539675,0.4655172413793103,2
0.17948717948717946,0.48750000000000004,0.5365853658536587,0.6190476190476191,0.603448275862069,0
0.423076923076923,0.41250000000000003,0.5121951219512196,0.6984126984126984,0.5862068965517242,1
0.47435897435897434,0.41250000000000003,0.3170731707317074,0.6031746031746033,0.5344827586206897,1
0.17948717948717946,0.6875,0.5365853658536587,0.6190476190476191,0.603448275862069,1
0.11538461538461536,0.7125,0.5121951219512196,0.857142857142857,0.8620689655172413,0
0.8076923076923076,0.11249999999999999,0.3170731707317074,0.17460317460317465,0.18965517241379315,3
0.16666666666666663,0.65,0.4634146341463415,0.6190476190476191,0.6551724137931034,1
0.9230769230769229,0.0875,0.21951219512195125,0.33333333333333337,0.22413793103448287,3
0.8589743589743589,0.2125,0.17073170731707318,0.26984126984126977,0.293103448275862,3
0.7692307692307692,0.0875,0.6097560975609757,0.3492063492063492,0.31034482758620696,3
0.5128205128205128,0.30000000000000004,0.26829268292682934,0.746031746031746,0.603448275862069,2
0.6025641025641025,0.30000000000000004,0.4634146341463415,0.4126984126984127,0.36206896551724144,2
0.3205128205128205,0.6,0.4634146341463415,0.6190476190476191,0.9310344827586206,2
0.20512820512820512,0.42500000000000004,0.4390243902439025,0.6031746031746033,0.9137931034482758,0
0.5769230769230769,0.41250000000000003,0.3658536585365854,0.46031746031746024,0.5517241379310345,2
0.4487179487179487,0.4625,0.5609756097560976,0.3492063492063492,0.4137931034482758,2
0.30769230769230765,0.5875,0.6097560975609757,0.73015873015873,0.22413793103448287,1
0.37179487179487175,0.36250000000000004,0.5853658536585367,0.5079365079365079,0.5344827586206897,0
0.7948717948717948,0.0875,0.3170731707317074,0.1428571428571428,0.39655172413793105,3
0.37179487179487175,0.5,0.48780487804878053,0.7619047619047619,0.5862068965517242,1
0.39743589743589736,0.4375,0.29268292682926833,0.4444444444444444,0.5172413793103448,1
0.24358974358974356,0.6875,0.48780487804878053,0.8253968253968256,0.5517241379310345,1
0.641025641025641,0.225,0.17073170731707318,0.33333333333333337,0.4482758620689655,3
0.5,0.1875,0.21951219512195125,0.5555555555555554,0.5862068965517242,2
0.39743589743589736,0.375,0.48780487804878053,0.6666666666666665,0.7758620689655171,1
0.6794871794871794,0.11249999999999999,0.48780487804878053,0.4920634920634921,0.34482758620689646,2
0.41025641025641024,0.30000000000000004,0.3170731707317074,0.6666666666666665,0.5862068965517242,1
0.6923076923076923,0.28750000000000003,0.34146341463414637,0.4444444444444444,0.2586206896551724,2
0.9102564102564101,0.07500000000000001,0.41463414634146345,0.3650793650793651,0.2586206896551724,3
0.9358974358974359,0.1,0.19512195121951223,0.3015873015873016,0.34482758620689646,3
0.7435897435897435,0.0875,0.41463414634146345,0.38095238095238093,0.24137931034482762,3
0.47435897435897434,0.375,0.41463414634146345,0.4126984126984127,0.4655172413793103,2
0.7051282051282051,0.13749999999999998,0.26829268292682934,0.4285714285714285,0.18965517241379315,3
0.3333333333333333,0.6,0.5365853658536587,0.7619047619047619,0.7586206896551724,0
0.11538461538461536,0.8625,0.4634146341463415,0.6507936507936507,0.7241379310344827,0
0.21794871794871795,0.65,0.6829268292682927,0.6666666666666665,0.6724137931034482,0
0.5512820512820512,0.42500000000000004,0.34146341463414637,0.5396825396825398,0.5344827586206897,2
0.7307692307692307,0.11249999999999999,0.21951219512195125,0.3650793650793651,0.24137931034482762,3
0.3589743589743589,0.42500000000000004,0.3170731707317074,0.6984126984126984,0.7586206896551724,1
0.846153846153846,0.0875,0.26829268292682934,0.26984126984126977,0.3275862068965517,3
0.641025641025641,0.13749999999999998,0.3658536585365854,0.46031746031746024,0.4137931034482758,3
0.4358974358974359,0.2625,0.24390243902439027,0.6031746031746033,0.4655172413793103,2
0.7307692307692307,0.07500000000000001,0.4390243902439025,0.2063492063492064,0.06896551724137934,3
0.3205128205128205,0.5375,0.3658536585365854,0.4920634920634921,0.5862068965517242,1
0.7820512820512819,0.125,0.41463414634146345,0.33333333333333337,0.24137931034482762,3
0.15384615384615385,0.75,0.6341463414634148,0.8888888888888886,0.9482758620689653,0
0.5641025641025641,0.1625,0.26829268292682934,0.2857142857142858,0.2068965517241379,3
0.7051282051282051,0.11249999999999999,0.5365853658536587,0.26984126984126977,0.3275862068965517,3
0.6153846153846153,0.35000000000000003,0.34146341463414637,0.5873015873015872,0.48275862068965525,2
0.15384615384615385,0.6625,0.7804878048780489,0.6031746031746033,0.7413793103448276,1
0.1923076923076923,0.5875,0.6341463414634148,0.6984126984126984,0.8793103448275861,1
0.3589743589743589,0.5750000000000001,0.5853658536585367,0.6349206349206349,0.8793103448275861,2
0.6153846153846153,0.45,0.4390243902439025,0.4444444444444444,0.4655172413793103,2
0.28205128205128205,0.28750000000000003,0.5365853658536587,0.8253968253968256,0.5862068965517242,0
0.2948717948717948,0.475,0.41463414634146345,0.73015873015873,0.8620689655172413,0
0.24358974358974356,0.5375,0.4390243902439025,0.73015873015873,0.6896551724137929,0
0.8974358974358974,0.0,0.21951219512195125,0.1587301587301586,0.31034482758620696,3
0.3846153846153846,0.725,0.6097560975609757,0.7142857142857142,0.7586206896551724,1
0.6666666666666666,0.13749999999999998,0.24390243902439027,0.39682539682539675,0.12068965517241381,3
0.3205128205128205,0.36250000000000004,0.5365853658536587,0.5396825396825398,0.5862068965517242,1
0.6153846153846153,0.1625,0.29268292682926833,0.38095238095238093,0.24137931034482762,2
0.4487179487179487,0.45,0.3170731707317074,0.6190476190476191,0.6379310344827585,2
0.4487179487179487,0.55,0.48780487804878053,0.6190476190476191,0.22413793103448287,1
0.41025641025641024,0.45,0.5365853658536587,0.523809523809524,0.4482758620689655,1
0.08974358974358973,0.8875000000000001,0.6341463414634148,0.6507936507936507,0.8793103448275861,0
0.34615384615384615,0.5750000000000001,0.6341463414634148,0.6666666666666665,0.7586206896551724,1
0.6153846153846153,0.1,0.29268292682926833,0.2857142857142858,0.3793103448275862,3
0.16666666666666663,0.725,0.7317073170731708,0.5873015873015872,0.7586206896551724,1
0.1923076923076923,0.8875000000000001,0.6097560975609757,0.6349206349206349,0.7931034482758619,1
0.5,0.275,0.5365853658536587,0.523809523809524,0.5689655172413794,2
0.28205128205128205,0.6125,0.6829268292682927,0.857142857142857,1.0,0
0.5512820512820512,0.4,0.4390243902439025,0.5079365079365079,0.4137931034482758,2
0.7948717948717948,0.049999999999999996,0.14634146341463417,0.26984126984126977,0.17241379310344818,3
0.46153846153846145,0.4375,0.4634146341463415,0.47619047619047605,0.5689655172413794,1
0.2692307692307692,0.48750000000000004,0.7073170731707318,0.8253968253968256,0.7241379310344827,0
0.8846153846153846,0.0875,0.24390243902439027,0.31746031746031733,0.2586206896551724,3
0.7692307692307692,0.0625,0.12195121951219513,0.23809523809523803,0.10344827586206906,3
0.34615384615384615,0.48750000000000004,0.6585365853658538,0.6031746031746033,0.4655172413793103,2
0.41025641025641024,0.24999999999999997,0.5121951219512196,0.5873015873015872,0.6551724137931034,1
0.3589743589743589,0.5875,0.5121951219512196,0.73015873015873,0.5689655172413794,1
0.9230769230769229,0.0875,0.21951219512195125,0.3015873015873016,0.10344827586206906,3
0.6794871794871794,0.11249999999999999,0.34146341463414637,0.31746031746031733,0.17241379310344818,3
0.34615384615384615,0.5625,0.4634146341463415,0.6825396825396826,0.6379310344827585,1
0.5897435897435896,0.0875,0.29268292682926833,0.33333333333333337,0.3275862068965517,2
0.4871794871794871,0.35000000000000003,0.4634146341463415,0.1587301587301586,0.48275862068965525,2
0.9487179487179487,0.0875,0.14634146341463417,0.19047619047619047,0.31034482758620696,3
0.14102564102564102,0.725,0.6585365853658538,0.7777777777777777,0.6206896551724137,0
0.6923076923076923,0.125,0.4390243902439025,0.4285714285714285,0.24137931034482762,3
0.7692307692307692,0.125,0.41463414634146345,0.38095238095238093,0.051724137931034475,3
0.8205128205128205,0.11249999999999999,0.12195121951219513,0.26984126984126977,0.12068965517241381,3
0.6282051282051282,0.3875,0.39024390243902446,0.23809523809523803,0.03448275862068961,3
0.3205128205128205,0.6375000000000001,0.6097560975609757,0.7777777777777777,0.8275862068965518,1
0.2564102564102564,0.5375,0.3658536585365854,0.746031746031746,0.7241379310344827,1
0.7692307692307692,0.13749999999999998,0.6341463414634148,0.26984126984126977,0.2586206896551724,3
0.3333333333333333,0.55,0.4390243902439025,0.73015873015873,0.39655172413793105,0
0.4871794871794871,0.28750000000000003,0.3170731707317074,0.47619047619047605,0.27586206896551724,1
0.3205128205128205,0.42500000000000004,0.4634146341463415,0.5396825396825398,0.5,1
0.6282051282051282,0.28750000000000003,0.26829268292682934,0.4444444444444444,0.24137931034482762,3
0.4487179487179487,0.3875,0.29268292682926833,0.4126984126984127,0.5,2
0.6153846153846153,0.15,0.21951219512195125,0.38095238095238093,0.2068965517241379,3
0.1923076923076923,0.725,0.5853658536585367,0.8253968253968256,0.8275862068965518,0
0.6923076923076923,0.0875,0.48780487804878053,0.3015873015873016,0.13793103448275867,3
0.30769230769230765,0.5375,0.41463414634146345,0.7142857142857142,0.7241379310344827,1
0.21794871794871795,0.775,0.5609756097560976,0.9365079365079365,0.7413793103448276,1
0.5256410256410255,0.45,0.5121951219512196,0.4920634920634921,0.43103448275862055,2
0.3589743589743589,0.5,0.3658536585365854,0.5714285714285714,0.4137931034482758,1
0.2692307692307692,0.5375,0.7804878048780489,0.7619047619047619,0.7586206896551724,0
0.46153846153846145,0.24999999999999997,0.5609756097560976,0.523809523809524,0.5172413793103448,2
0.5897435897435896,0.24999999999999997,0.4634146341463415,0.33333333333333337,0.2586206896551724,3
0.8974358974358974,0.0875,0.3170731707317074,0.31746031746031733,0.3275862068965517,3
0.8205128205128205,0.049999999999999996,0.39024390243902446,0.3492063492063492,0.17241379310344818,3
0.5512820512820512,0.19999999999999998,0.26829268292682934,0.5396825396825398,0.5689655172413794,2
0.846153846153846,0.125,0.12195121951219513,0.2857142857142858,0.3793103448275862,3
0.7564102564102564,0.1,0.26829268292682934,0.2857142857142858,0.36206896551724144,3
0.7179487179487178,0.0875,0.21951219512195125,0.3650793650793651,0.15517241379310343,3
0.8205128205128205,0.0875,0.26829268292682934,0.2063492063492064,0.24137931034482762,3
0.5897435897435896,0.2125,0.26829268292682934,0.25396825396825395,0.24137931034482762,2
0.41025641025641024,0.275,0.5121951219512196,0.6349206349206349,0.7586206896551724,1
0.30769230769230765,0.5,0.41463414634146345,0.6984126984126984,0.6724137931034482,1
0.7307692307692307,0.11249999999999999,0.26829268292682934,0.38095238095238093,0.06896551724137934,3
0.1282051282051282,0.8250000000000001,0.4390243902439025,0.5555555555555554,0.7758620689655171,1
0.7564102564102564,0.1625,0.09756097560975611,0.39682539682539675,0.10344827586206906,3
0.641025641025641,0.24999999999999997,0.29268292682926833,0.46031746031746024,0.43103448275862055,2
0.5,0.36250000000000004,0.3658536585365854,0.8253968253968256,0.603448275862069,1
0.7435897435897435,0.1625,0.3658536585365854,0.3492063492063492,0.24137931034482762,3
0.46153846153846145,0.5625,0.4634146341463415,0.3650793650793651,0.4655172413793103,2
0.6025641025641025,0.175,0.19512195121951223,0.46031746031746024,0.4655172413793103,2
0.41025641025641024,0.45,0.3170731707317074,0.6349206349206349,0.5862068965517242,0
0.8589743589743589,0.125,0.19512195121951223,0.2222222222222222,0.10344827586206906,3
0.16666666666666663,0.6,0.7560975609756099,0.7142857142857142,0.6379310344827585,0
0.47435897435897434,0.5375,0.34146341463414637,0.3650793650793651,0.43103448275862055,1
0.5256410256410255,0.2125,0.3170731707317074,0.26984126984126977,0.34482758620689646,2
0.07692307692307693,0.775,0.6585365853658538,0.73015873015873,0.8620689655172413,0
0.5512820512820512,0.30000000000000004,0.48780487804878053,0.5396825396825398,0.43103448275862055,3
0.34615384615384615,0.42500000000000004,0.4390243902439025,0.7777777777777777,0.7586206896551724,0
0.34615384615384615,0.35000000000000003,0.5609756097560976,0.5555555555555554,0.6724137931034482,1
0.5384615384615384,0.35000000000000003,0.34146341463414637,0.5873015873015872,0.5172413793103448,1
0.2692307692307692,0.625,0.48780487804878053,0.7142857142857142,0.8275862068965518,1
0.28205128205128205,0.475,0.6829268292682927,0.8412698412698414,0.6206896551724137,0
0.7051282051282051,0.28750000000000003,0.34146341463414637,0.17460317460317465,0.43103448275862055,3
0.423076923076923,0.45,0.7073170731707318,0.4444444444444444,0.5172413793103448,1
0.8205128205128205,0.1,0.17073170731707318,0.25396825396825395,0.06896551724137934,3
0.46153846153846145,0.45,0.48780487804878053,0.5873015873015872,0.5862068965517242,2
0.3589743589743589,0.675,0.3658536585365854,0.857142857142857,0.8448275862068966,0
0.28205128205128205,0.6625,0.5853658536585367,0.7936507936507935,0.7586206896551724,1
0.7179487179487178,0.19999999999999998,0.29268292682926833,0.3015873015873016,0.3793103448275862,3
0.7948717948717948,0.225,0.6097560975609757,0.3492063492063492,0.051724137931034475,3
0.47435897435897434,0.275,0.5121951219512196,0.5714285714285714,0.5862068965517242,2
0.47435897435897434,0.5375,0.5609756097560976,0.47619047619047605,0.4655172413793103,2
0.7307692307692307,0.11249999999999999,0.39024390243902446,0.38095238095238093,0.2586206896551724,3
0.2564102564102564,0.5125000000000001,0.5121951219512196,0.523809523809524,0.8103448275862071,1
0.9358974358974359,0.0875,0.3170731707317074,0.3015873015873016,0.12068965517241381,3
0.4871794871794871,0.225,0.4390243902439025,0.6031746031746033,0.4137931034482758,2
0.6666666666666666,0.15,0.29268292682926833,0.33333333333333337,0.08620689655172409,3
0.8076923076923076,0.28750000000000003,0.24390243902439027,0.17460317460317465,0.293103448275862,3
0.4358974358974359,0.475,0.4634146341463415,0.4444444444444444,0.4137931034482758,2
0.9230769230769229,0.11249999999999999,0.14634146341463417,0.26984126984126977,0.27586206896551724,3
0.5256410256410255,0.41250000000000003,0.5121951219512196,0.46031746031746024,0.5689655172413794,2
0.7179487179487178,0.24999999999999997,0.4390243902439025,0.25396825396825395,0.2586206896551724,3
0.34615384615384615,0.4375,0.48780487804878053,0.5396825396825398,0.5,1
0.11538461538461536,0.8375,0.6097560975609757,0.5714285714285714,0.8793103448275861,0
0.30769230769230765,0.45,0.5609756097560976,0.6984126984126984,0.4137931034482758,1
0.46153846153846145,0.3375,0.6097560975609757,0.523809523809524,0.43103448275862055,1
0.6153846153846153,0.0875,0.5365853658536587,0.26984126984126977,0.24137931034482762,2
0.8333333333333333,0.0875,0.41463414634146345,0.31746031746031733,0.051724137931034475,3
0.4358974358974359,0.36250000000000004,0.5121951219512196,0.6031746031746033,0.5344827586206897,1
0.46153846153846145,0.35000000000000003,0.48780487804878053,0.5396825396825398,0.5344827586206897,2
0.3846153846153846,0.42500000000000004,0.29268292682926833,0.7142857142857142,0.8620689655172413,1
0.4871794871794871,0.325,0.48780487804878053,0.5079365079365079,0.4137931034482758,1
0.9230769230769229,0.0875,0.24390243902439027,0.2063492063492064,0.34482758620689646,3
0.34615384615384615,0.4625,0.48780487804878053,0.8253968253968256,0.39655172413793105,0
0.7051282051282051,0.11249999999999999,0.6097560975609757,0.4285714285714285,0.18965517241379315,3
0.23076923076923073,0.75,0.5365853658536587,0.8253968253968256,0.7586206896551724,0
0.2692307692307692,0.6125,0.5121951219512196,0.5714285714285714,0.8448275862068966,1
0.6153846153846153,0.1,0.29268292682926833,0.5079365079365079,0.4137931034482758,2
0.39743589743589736,0.3375,0.5121951219512196,0.4444444444444444,0.5689655172413794,2
0.4871794871794871,0.4375,0.5121951219512196,0.6825396825396826,0.43103448275862055,1
0.4871794871794871,0.28750000000000003,0.4390243902439025,0.5079365079365079,0.43103448275862055,2
0.6282051282051282,0.36250000000000004,0.4634146341463415,0.23809523809523803,0.10344827586206906,2
0.3333333333333333,0.7625000000000001,0.48780487804878053,0.7936507936507935,0.8103448275862071,1
0.8205128205128205,0.13749999999999998,0.34146341463414637,0.25396825396825395,0.2586206896551724,3
0.6923076923076923,0.07500000000000001,0.7073170731707318,0.26984126984126977,0.36206896551724144,3
0.7179487179487178,0.3125,0.19512195121951223,0.2857142857142858,0.293103448275862,3
0.2564102564102564,0.55,0.6829268292682927,0.5555555555555554,0.8103448275862071,0
0.5,0.4,0.6829268292682927,0.6349206349206349,0.603448275862069,1
0.7435897435897435,0.0625,0.3658536585365854,0.23809523809523803,0.43103448275862055,3
0.7820512820512819,0.0875,0.07317073170731708,0.25396825396825395,0.36206896551724144,3
0.7948717948717948,0.1,0.21951219512195125,0.31746031746031733,0.17241379310344818,3
0.2948717948717948,0.4375,0.5365853658536587,0.73015873015873,0.7586206896551724,1
0.6666666666666666,0.15,0.17073170731707318,0.38095238095238093,0.4137931034482758,3
0.7435897435897435,0.3875,0.17073170731707318,0.39682539682539675,0.293103448275862,3
0.2564102564102564,0.625,0.5853658536585367,0.6984126984126984,0.7068965517241379,1
0.7692307692307692,0.11249999999999999,0.14634146341463417,0.19047619047619047,0.43103448275862055,3
0.5,0.28750000000000003,0.39024390243902446,0.3492063492063492,0.4137931034482758,2
0.5641025641025641,0.35000000000000003,0.39024390243902446,0.5396825396825398,0.5517241379310345,2
0.41025641025641024,0.4625,0.3658536585365854,0.38095238095238093,0.4482758620689655,2
0.8333333333333333,0.07500000000000001,0.3170731707317074,0.17460317460317465,0.22413793103448287,3
0.20512820512820512,0.5625,0.48780487804878053,0.6190476190476191,0.896551724137931,1
0.7051282051282051,0.4375,0.5853658536585367,0.31746031746031733,0.293103448275862,3
0.3333333333333333,0.5625,0.7073170731707318,0.6825396825396826,0.7586206896551724,1
0.16666666666666663,0.75,0.4390243902439025,0.6984126984126984,0.6206896551724137,0
0.8974358974358974,0.049999999999999996,0.34146341463414637,0.1428571428571428,0.13793103448275867,3
0.5897435897435896,0.4,0.21951219512195125,0.39682539682539675,0.293103448275862,2
0.641025641025641,0.24999999999999997,0.41463414634146345,0.4285714285714285,0.4137931034482758,2
0.46153846153846145,0.30000000000000004,0.5365853658536587,0.5396825396825398,0.2068965517241379,2
0.5384615384615384,0.2625,0.26829268292682934,0.4920634920634921,0.39655172413793105,1
0.11538461538461536,0.7625000000000001,0.48780487804878053,0.8888888888888886,0.8103448275862071,0
0.5769230769230769,0.4375,0.48780487804878053,0.25396825396825395,0.17241379310344818,3
0.8846153846153846,0.0625,0.39024390243902446,0.26984126984126977,0.4655172413793103,3
0.6282051282051282,0.1,0.14634146341463417,0.4444444444444444,0.4137931034482758,3
0.1923076923076923,0.6125,0.6097560975609757,0.5873015873015872,0.6379310344827585,0
0.2692307692307692,0.65,0.6829268292682927,0.5714285714285714,0.6896551724137929,1
0.4487179487179487,0.4375,0.48780487804878053,0.6507936507936507,0.4137931034482758,1
0.641025641025641,0.41250000000000003,0.41463414634146345,0.5079365079365079,0.5,2
0.9102564102564101,0.0625,0.34146341463414637,0.31746031746031733,0.2068965517241379,3
0.5897435897435896,0.2125,0.04878048780487806,0.46031746031746024,0.43103448275862055,2
0.3589743589743589,0.625,0.39024390243902446,0.6031746031746033,0.5689655172413794,1
0.47435897435897434,0.28750000000000003,0.3658536585365854,0.39682539682539675,0.5172413793103448,2
0.37179487179487175,0.5125000000000001,0.4634146341463415,0.8253968253968256,0.9310344827586206,1
0.7692307692307692,0.175,0.12195121951219513,0.23809523809523803,0.06896551724137934,3
0.3846153846153846,0.36250000000000004,0.6829268292682927,0.7142857142857142,0.5517241379310345,1
0.39743589743589736,0.41250000000000003,0.4634146341463415,0.4126984126984127,0.5172413793103448,2
0.3333333333333333,0.5125000000000001,0.8048780487804879,0.6984126984126984,0.7586206896551724,1
0.47435897435897434,0.36250000000000004,0.3170731707317074,0.5555555555555554,0.4482758620689655,2
0.47435897435897434,0.2625,0.26829268292682934,0.6031746031746033,0.43103448275862055,2
0.7948717948717948,0.07500000000000001,0.26829268292682934,0.19047619047619047,0.10344827586206906,3
0.8717948717948717,0.225,0.14634146341463417,0.31746031746031733,0.27586206896551724,3
0.6666666666666666,0.175,0.5121951219512196,0.17460317460317465,0.2586206896551724,3
0.7307692307692307,0.2625,0.34146341463414637,0.19047619047619047,0.3793103448275862,3
0.8717948717948717,0.0875,0.04878048780487806,0.2222222222222222,0.15517241379310343,3
0.641025641025641,0.23750000000000002,0.4390243902439025,0.1269841269841271,0.293103448275862,3
0.46153846153846145,0.36250000000000004,0.7804878048780489,0.6031746031746033,0.4137931034482758,1
0.5769230769230769,0.3375,0.14634146341463417,0.3650793650793651,0.12068965517241381,2
0.5,0.375,0.4634146341463415,0.5555555555555554,0.5172413793103448,2
0.6794871794871794,0.125,0.17073170731707318,0.47619047619047605,0.22413793103448287,2
0.5256410256410255,0.35000000000000003,0.41463414634146345,0.46031746031746024,0.5517241379310345,2
0.7307692307692307,0.1625,0.24390243902439027,0.25396825396825395,0.24137931034482762,3
0.6153846153846153,0.45,0.4390243902439025,0.4126984126984127,0.4482758620689655,2
0.3333333333333333,0.7000000000000001,0.5853658536585367,0.6031746031746033,0.7241379310344827,1
0.4487179487179487,0.1625,0.34146341463414637,0.6507936507936507,0.5862068965517242,2
0.28205128205128205,0.6375000000000001,0.5609756097560976,0.6507936507936507,0.7413793103448276,1
0.5641025641025641,0.125,0.5365853658536587,0.5873015873015872,0.5689655172413794,1
0.34615384615384615,0.5875,0.6829268292682927,0.6666666666666665,0.7241379310344827,2
0.3589743589743589,0.41250000000000003,0.3658536585365854,0.5079365079365079,0.48275862068965525,2
0.28205128205128205,0.5625,0.5365853658536587,0.746031746031746,0.7586206896551724,0
0.6666666666666666,0.275,0.19512195121951223,0.23809523809523803,0.18965517241379315,3
0.6153846153846153,0.225,0.4634146341463415,0.3650793650793651,0.4137931034482758,3
0.37179487179487175,0.5,0.7560975609756099,0.857142857142857,0.7241379310344827,1
0.34615384615384615,0.5750000000000001,0.34146341463414637,0.6349206349206349,0.6379310344827585,1
0.3846153846153846,0.55,0.48780487804878053,0.857142857142857,0.8620689655172413,1
0.3205128205128205,0.5,0.5365853658536587,0.6984126984126984,0.7586206896551724,1
0.3205128205128205,0.45,0.4390243902439025,0.7142857142857142,0.7586206896551724,0
0.5128205128205128,0.0625,0.21951219512195125,0.2857142857142858,0.4482758620689655,2
0.6538461538461537,0.1625,0.4390243902439025,0.23809523809523803,0.22413793103448287,3
0.46153846153846145,0.5875,0.3658536585365854,0.5714285714285714,0.4655172413793103,2
0.30769230769230765,0.525,0.48780487804878053,0.4285714285714285,0.4137931034482758,1
0.7564102564102564,0.1625,0.39024390243902446,0.46031746031746024,0.12068965517241381,3
0.47435897435897434,0.325,0.6341463414634148,0.3650793650793651,0.3793103448275862,2
0.39743589743589736,0.4,0.5853658536585367,0.6349206349206349,0.5689655172413794,1
0.6153846153846153,0.24999999999999997,0.3170731707317074,0.19047619047619047,0.27586206896551724,3
0.28205128205128205,0.3375,0.29268292682926833,0.6666666666666665,0.8275862068965518,1
0.7435897435897435,0.175,0.26829268292682934,0.2857142857142858,0.13793103448275867,3
0.11538461538461536,0.6,0.6097560975609757,0.6190476190476191,0.6896551724137929,0
0.6025641025641025,0.11249999999999999,0.3170731707317074,0.26984126984126977,0.24137931034482762,3
0.6923076923076923,0.125,0.3170731707317074,0.4444444444444444,0.2068965517241379,2
0.8589743589743589,0.1,0.21951219512195125,0.2857142857142858,0.06896551724137934,3
0.5,0.36250000000000004,0.5853658536585367,0.5714285714285714,0.27586206896551724,1
0.7948717948717948,0.30000000000000004,0.0,0.1587301587301586,0.13793103448275867,3
0.8589743589743589,0.1,0.12195121951219513,0.2222222222222222,0.4137931034482758,3
0.15384615384615385,0.7375,0.48780487804878053,0.5555555555555554,0.8103448275862071,1
0.46153846153846145,0.5125000000000001,0.34146341463414637,0.38095238095238093,0.4482758620689655,2
0.46153846153846145,0.225,0.34146341463414637,0.5714285714285714,0.27586206896551724,1
0.4871794871794871,0.36250000000000004,0.39024390243902446,0.17460317460317465,0.4137931034482758,2
0.6923076923076923,0.13749999999999998,0.4634146341463415,0.5079365079365079,0.15517241379310343,3
0.641025641025641,0.175,0.6097560975609757,0.19047619047619047,0.293103448275862,3
0.41025641025641024,0.42500000000000004,0.48780487804878053,0.6984126984126984,0.4655172413793103,1
0.4487179487179487,0.45,0.41463414634146345,0.6507936507936507,0.36206896551724144,1
0.6282051282051282,0.30000000000000004,0.3658536585365854,0.2063492063492064,0.36206896551724144,3
0.3205128205128205,0.4625,0.6585365853658538,0.6984126984126984,0.6551724137931034,1
0.6666666666666666,0.11249999999999999,0.3170731707317074,0.39682539682539675,0.24137931034482762,3
0.17948717948717946,0.8,0.5609756097560976,0.9206349206349207,0.7586206896551724,0
0.6282051282051282,0.41250000000000003,0.34146341463414637,0.1587301587301586,0.34482758620689646,3
0.21794871794871795,0.625,0.4634146341463415,0.6349206349206349,0.9137931034482758,0
0.423076923076923,0.4625,0.3170731707317074,0.4126984126984127,0.5,2
0.7307692307692307,0.0625,0.5365853658536587,0.3492063492063492,0.06896551724137934,3
0.30769230769230765,0.5375,0.5365853658536587,0.7936507936507935,0.896551724137931,0
0.3846153846153846,0.525,0.29268292682926833,0.5396825396825398,0.7758620689655171,1
0.41025641025641024,0.5,0.6341463414634148,0.5396825396825398,0.5862068965517242,2
0.23076923076923073,0.5875,0.39024390243902446,0.857142857142857,0.7586206896551724,1
0.641025641025641,0.1,0.3658536585365854,0.31746031746031733,0.4137931034482758,3
0.2948717948717948,0.5875,0.5853658536585367,0.6190476190476191,0.7068965517241379,2
0.47435897435897434,0.41250000000000003,0.5365853658536587,0.39682539682539675,0.5172413793103448,1
0.7435897435897435,0.0875,0.3170731707317074,0.3650793650793651,0.06896551724137934,3
0.20512820512820512,0.6625,0.5853658536585367,0.6349206349206349,0.8620689655172413,1
0.7948717948717948,0.0875,0.41463414634146345,0.3015873015873016,0.3275862068965517,3
0.39743589743589736,0.35000000000000003,0.4390243902439025,0.6825396825396826,0.5862068965517242,1
0.34615384615384615,0.375,0.6341463414634148,0.5396825396825398,0.8448275862068966,1
0.7564102564102564,0.13749999999999998,0.12195121951219513,0.17460317460317465,0.31034482758620696,3
0.21794871794871795,0.6625,0.6097560975609757,0.7777777777777777,0.6896551724137929,0
0.5641025641025641,0.1625,0.24390243902439027,0.2857142857142858,0.17241379310344818,3
0.6538461538461537,0.1875,0.29268292682926833,0.4920634920634921,0.4137931034482758,2
0.28205128205128205,0.5750000000000001,0.41463414634146345,0.7936507936507935,0.7586206896551724,1
0.41025641025641024,0.55,0.39024390243902446,0.6666666666666665,0.7241379310344827,1
0.4487179487179487,0.55,0.5853658536585367,0.523809523809524,0.43103448275862055,2
0.7948717948717948,0.0625,0.04878048780487806,0.33333333333333337,0.03448275862068961,3
0.8589743589743589,0.1,0.04878048780487806,0.19047619047619047,0.39655172413793105,3
0.5897435897435896,0.24999999999999997,0.41463414634146345,0.1587301587301586,0.3793103448275862,3
0.7564102564102564,0.0875,0.21951219512195125,0.3015873015873016,0.22413793103448287,3
0.6794871794871794,0.0875,0.5365853658536587,0.23809523809523803,0.36206896551724144,3
0.37179487179487175,0.5,0.39024390243902446,0.5714285714285714,0.5517241379310345,2
0.7179487179487178,0.175,0.24390243902439027,0.26984126984126977,0.24137931034482762,3
0.8589743589743589,0.07500000000000001,0.14634146341463417,0.19047619047619047,0.13793103448275867,3
0.4487179487179487,0.4,0.5365853658536587,0.6984126984126984,0.36206896551724144,1
0.8846153846153846,0.1,0.24390243902439027,0.31746031746031733,0.3793103448275862,3
0.846153846153846,0.07500000000000001,0.41463414634146345,0.33333333333333337,0.27586206896551724,3
0.9743589743589742,0.07500000000000001,0.29268292682926833,0.3015873015873016,0.36206896551724144,3
0.7692307692307692,0.11249999999999999,0.3170731707317074,0.3492063492063492,0.12068965517241381,2
0.7948717948717948,0.0875,0.41463414634146345,0.3650793650793651,0.24137931034482762,3
0.2948717948717948,0.5,0.7073170731707318,0.7777777777777777,0.8103448275862071,0
0.3846153846153846,0.35000000000000003,0.48780487804878053,0.6666666666666665,0.5862068965517242,1
0.46153846153846145,0.5,0.4634146341463415,0.7619047619047619,0.5517241379310345,1
0.5769230769230769,0.28750000000000003,0.29268292682926833,0.23809523809523803,0.293103448275862,3
0.7692307692307692,0.1,0.26829268292682934,0.25396825396825395,0.3275862068965517,3
0.7435897435897435,0.23750000000000002,0.3170731707317074,0.38095238095238093,0.24137931034482762,3
0.641025641025641,0.07500000000000001,0.3170731707317074,0.3492063492063492,0.22413793103448287,2
0.8589743589743589,0.0875,0.26829268292682934,0.23809523809523803,0.36206896551724144,3
0.6025641025641025,0.1625,0.48780487804878053,0.23809523809523803,0.24137931034482762,2
0.6923076923076923,0.4,0.29268292682926833,0.3650793650793651,0.24137931034482762,3
0.5769230769230769,0.11249999999999999,0.39024390243902446,0.5079365079365079,0.4137931034482758,2
0.5512820512820512,0.4,0.4390243902439025,0.3015873015873016,0.24137931034482762,2
0.5256410256410255,0.45,0.34146341463414637,0.5873015873015872,0.48275862068965525,2
0.6282051282051282,0.275,0.26829268292682934,0.2063492063492064,0.34482758620689646,2
0.7564102564102564,0.07500000000000001,0.24390243902439027,0.4126984126984127,0.2068965517241379,3
0.7051282051282051,0.23750000000000002,0.4390243902439025,0.31746031746031733,0.12068965517241381,3
0.9102564102564101,0.0875,0.19512195121951223,0.31746031746031733,0.15517241379310343,3
0.6153846153846153,0.2625,0.5853658536585367,0.4126984126984127,0.4655172413793103,3
0.5769230769230769,0.1625,0.5365853658536587,0.3015873015873016,0.24137931034482762,2
0.6153846153846153,0.275,0.6097560975609757,0.5714285714285714,0.4137931034482758,2
0.7179487179487178,0.23750000000000002,0.3658536585365854,0.2857142857142858,0.31034482758620696,3
0.37179487179487175,0.375,0.6097560975609757,0.3650793650793651,0.5172413793103448,2
0.28205128205128205,0.5,0.5121951219512196,0.8095238095238093,0.5862068965517242,1
0.47435897435897434,0.42500000000000004,0.4390243902439025,0.5396825396825398,0.48275862068965525,2
0.46153846153846145,0.275,0.41463414634146345,0.6031746031746033,0.39655172413793105,1
0.21794871794871795,0.55,0.4390243902439025,0.8730158730158728,0.603448275862069,1
0.07692307692307693,0.675,0.5609756097560976,0.7619047619047619,0.7068965517241379,0
0.641025641025641,0.2125,0.3658536585365854,0.2222222222222222,0.24137931034482762,3
0.10256410256410256,0.775,0.6341463414634148,0.6825396825396826,0.7758620689655171,0
0.5897435897435896,0.325,0.3170731707317074,0.2063492063492064,0.39655172413793105,2
0.7692307692307692,0.175,0.3658536585365854,0.31746031746031733,0.24137931034482762,3
0.8076923076923076,0.0625,0.3170731707317074,0.23809523809523803,0.36206896551724144,3
0.7307692307692307,0.0875,0.21951219512195125,0.3492063492063492,0.17241379310344818,3
0.423076923076923,0.5750000000000001,0.5121951219512196,0.4444444444444444,0.5517241379310345,2
0.28205128205128205,0.6375000000000001,0.7560975609756099,0.5396825396825398,0.6206896551724137,0
0.46153846153846145,0.30000000000000004,0.12195121951219513,0.7619047619047619,0.5862068965517242,1
0.5,0.6375000000000001,0.3658536585365854,0.5873015873015872,0.4137931034482758,1
0.7820512820512819,0.0875,0.24390243902439027,0.2857142857142858,0.2586206896551724,3
0.5512820512820512,0.2625,0.3658536585365854,0.5079365079365079,0.36206896551724144,2
0.8333333333333333,0.07500000000000001,0.3658536585365854,0.4285714285714285,0.17241379310344818,3
0.5256410256410255,0.175,0.19512195121951223,0.5396825396825398,0.2068965517241379,3
0.3333333333333333,0.5125000000000001,0.48780487804878053,0.4126984126984127,0.43103448275862055,1
0.423076923076923,0.525,0.41463414634146345,0.4444444444444444,0.5,1
0.5641025641025641,0.24999999999999997,0.4390243902439025,0.3492063492063492,0.27586206896551724,2
0.28205128205128205,0.48750000000000004,0.6097560975609757,0.8412698412698414,0.6724137931034482,0
0.1923076923076923,0.8125,0.39024390243902446,0.6031746031746033,0.8275862068965518,0
0.3589743589743589,0.5,0.4634146341463415,0.6190476190476191,0.6724137931034482,1
0.46153846153846145,0.45,0.7560975609756099,0.38095238095238093,0.4137931034482758,1
0.5384615384615384,0.19999999999999998,0.5853658536585367,0.4126984126984127,0.4137931034482758,3
0.2948717948717948,0.6625,0.5609756097560976,0.5873015873015872,0.6551724137931034,1
0.14102564102564102,0.725,0.5121951219512196,0.857142857142857,0.8275862068965518,0
0.6794871794871794,0.0875,0.14634146341463417,0.33333333333333337,0.17241379310344818,3
0.6794871794871794,0.28750000000000003,0.4390243902439025,0.3650793650793651,0.15517241379310343,3
0.6923076923076923,0.175,0.21951219512195125,0.38095238095238093,0.24137931034482762,3
0.14102564102564102,0.6625,0.5121951219512196,0.6190476190476191,0.5862068965517242,1
0.6025641025641025,0.2125,0.5365853658536587,0.523809523809524,0.4137931034482758,2
0.9230769230769229,0.0875,0.3658536585365854,0.33333333333333337,0.24137931034482762,3
0.9230769230769229,0.025,0.17073170731707318,0.19047619047619047,0.2586206896551724,3
0.5,0.35000000000000003,0.41463414634146345,0.5714285714285714,0.5172413793103448,2
0.6025641025641025,0.0625,0.29268292682926833,0.6190476190476191,0.5862068965517242,2
0.8717948717948717,0.0875,0.21951219512195125,0.38095238095238093,0.293103448275862,3
0.7692307692307692,0.1,0.26829268292682934,0.3650793650793651,0.06896551724137934,3
0.7820512820512819,0.1625,0.6585365853658538,0.4126984126984127,0.24137931034482762,3
0.641025641025641,0.2625,0.48780487804878053,0.2063492063492064,0.3793103448275862,3
0.7564102564102564,0.1875,0.5609756097560976,0.2857142857142858,0.18965517241379315,3
0.3205128205128205,0.5750000000000001,0.5853658536585367,0.6825396825396826,0.7241379310344827,2
0.7307692307692307,0.11249999999999999,0.39024390243902446,0.39682539682539675,0.3275862068965517,3
0.4871794871794871,0.55,0.5121951219512196,0.5555555555555554,0.5862068965517242,1
0.2564102564102564,0.5,0.6585365853658538,0.7777777777777777,0.7241379310344827,1
0.6794871794871794,0.049999999999999996,0.26829268292682934,0.4285714285714285,0.293103448275862,3
0.34615384615384615,0.4375,0.4634146341463415,0.5079365079365079,0.5862068965517242,2
0.641025641025641,0.19999999999999998,0.34146341463414637,0.46031746031746024,0.4137931034482758,2
0.3205128205128205,0.5375,0.6097560975609757,0.38095238095238093,0.5862068965517242,1
0.15384615384615385,0.6125,0.8048780487804879,0.73015873015873,0.6724137931034482,0
0.10256410256410256,0.5,0.6097560975609757,0.6349206349206349,0.8103448275862071,0
0.39743589743589736,0.5125000000000001,0.6097560975609757,0.6190476190476191,0.7241379310344827,1
0.6538461538461537,0.30000000000000004,0.26829268292682934,0.5714285714285714,0.24137931034482762,3
0.9230769230769229,0.1,0.24390243902439027,0.3492063492063492,0.293103448275862,3
0.46153846153846145,0.3125,0.4390243902439025,0.09523809523809523,0.4655172413793103,2
0.4871794871794871,0.2125,0.4634146341463415,0.523809523809524,0.3793103448275862,2
0.3846153846153846,0.525,0.4390243902439025,0.6507936507936507,0.24137931034482762,1
0.5,0.4375,0.3170731707317074,0.46031746031746024,0.2068965517241379,2
0.6794871794871794,0.275,0.34146341463414637,0.4126984126984127,0.24137931034482762,3
0.7692307692307692,0.125,0.5121951219512196,0.19047619047619047,0.2068965517241379,3
0.37179487179487175,0.725,0.6585365853658538,0.73015873015873,0.6206896551724137,1
0.39743589743589736,0.4625,0.34146341463414637,0.6349206349206349,0.5689655172413794,1
0.4487179487179487,0.36250000000000004,0.29268292682926833,0.6507936507936507,0.5517241379310345,1
0.6666666666666666,0.11249999999999999,0.12195121951219513,0.4285714285714285,0.4137931034482758,3
0.6923076923076923,0.07500000000000001,0.29268292682926833,0.2063492063492064,0.31034482758620696,3
0.20512820512820512,0.6625,0.5609756097560976,0.8412698412698414,0.7931034482758619,0
0.6025641025641025,0.2125,0.7073170731707318,0.2063492063492064,0.31034482758620696,3
0.4871794871794871,0.41250000000000003,0.41463414634146345,0.4285714285714285,0.5,2
0.6538461538461537,0.049999999999999996,0.3658536585365854,0.38095238095238093,0.39655172413793105,3
0.5897435897435896,0.1,0.34146341463414637,0.31746031746031733,0.293103448275862,2
0.7820512820512819,0.15,0.29268292682926833,0.33333333333333337,0.2068965517241379,3
0.7692307692307692,0.13749999999999998,0.07317073170731708,0.38095238095238093,0.17241379310344818,3
0.8076923076923076,0.2125,0.34146341463414637,0.26984126984126977,0.06896551724137934,3
0.7692307692307692,0.0875,0.26829268292682934,0.23809523809523803,0.22413793103448287,3
0.3333333333333333,0.525,0.5609756097560976,0.8412698412698414,0.9137931034482758,1
0.5769230769230769,0.525,0.39024390243902446,0.4285714285714285,0.4137931034482758,2
0.20512820512820512,0.8625,0.7073170731707318,0.5714285714285714,0.7931034482758619,0
0.3333333333333333,0.42500000000000004,0.41463414634146345,0.8095238095238093,0.8448275862068966,0
0.4487179487179487,0.41250000000000003,0.3658536585365854,0.5873015873015872,0.5862068965517242,0
0.5128205128205128,0.3875,0.48780487804878053,0.5396825396825398,0.5517241379310345,1
0.5256410256410255,0.36250000000000004,0.5121951219512196,0.5396825396825398,0.5517241379310345,2
0.4487179487179487,0.41250000000000003,0.4390243902439025,0.5555555555555554,0.5344827586206897,0
0.5897435897435896,0.325,0.5121951219512196,0.5555555555555554,0.48275862068965525,2
0.641025641025641,0.125,0.39024390243902446,0.5555555555555554,0.4482758620689655,2
0.5897435897435896,0.28750000000000003,0.48780487804878053,0.31746031746031733,0.24137931034482762,2
0.47435897435897434,0.3375,0.5853658536585367,0.4126984126984127,0.48275862068965525,2
0.7692307692307692,0.275,0.5365853658536587,0.26984126984126977,0.2586206896551724,3
0.14102564102564102,0.5,0.3170731707317074,0.5714285714285714,0.6206896551724137,0
0.6153846153846153,0.2125,0.3170731707317074,0.38095238095238093,0.13793103448275867,3
0.6153846153846153,0.36250000000000004,0.5365853658536587,0.38095238095238093,0.48275862068965525,3
0.423076923076923,0.3875,0.5121951219512196,0.7619047619047619,0.4137931034482758,1
0.6923076923076923,0.24999999999999997,0.3170731707317074,0.2063492063492064,0.22413793103448287,3
0.3589743589743589,0.5375,0.39024390243902446,0.6984126984126984,0.5517241379310345,1
0.4358974358974359,0.30000000000000004,0.39024390243902446,0.6349206349206349,0.603448275862069,3
0.3589743589743589,0.48750000000000004,0.5365853658536587,0.73015873015873,0.603448275862069,1
0.5384615384615384,0.36250000000000004,0.6341463414634148,0.5396825396825398,0.5344827586206897,2
0.46153846153846145,0.42500000000000004,0.4390243902439025,0.5714285714285714,0.5,2
0.4487179487179487,0.2125,0.3658536585365854,0.09523809523809523,0.43103448275862055,2
0.6538461538461537,0.2125,0.6341463414634148,0.25396825396825395,0.2586206896551724,3
0.2692307692307692,0.675,0.4390243902439025,0.6666666666666665,0.6724137931034482,1
0.4358974358974359,0.35000000000000003,0.39024390243902446,0.6349206349206349,0.4482758620689655,1
0.4358974358974359,0.3125,0.4390243902439025,0.6666666666666665,0.5862068965517242,2
0.7692307692307692,0.11249999999999999,0.5365853658536587,0.25396825396825395,0.293103448275862,3
0.4487179487179487,0.41250000000000003,0.5609756097560976,0.6190476190476191,0.22413793103448287,2
0.6666666666666666,0.2125,0.5609756097560976,0.3492063492063492,0.22413793103448287,2
0.34615384615384615,0.36250000000000004,0.6341463414634148,0.4285714285714285,0.5689655172413794,0
0.0641025641025641,0.725,0.6829268292682927,0.8095238095238093,0.6896551724137929,0
0.2692307692307692,0.6125,0.6097560975609757,0.6984126984126984,0.6896551724137929,1
0.6538461538461537,0.28750000000000003,0.19512195121951223,0.19047619047619047,0.10344827586206906,2
0.37179487179487175,0.36250000000000004,0.5365853658536587,0.746031746031746,0.4137931034482758,1
0.3846153846153846,0.275,0.5609756097560976,0.6507936507936507,0.5689655172413794,1
0.9487179487179487,0.07500000000000001,0.17073170731707318,0.1428571428571428,0.15517241379310343,3
0.2692307692307692,0.5875,0.4390243902439025,0.6031746031746033,0.7758620689655171,0
0.37179487179487175,0.3125,0.5121951219512196,0.47619047619047605,0.5517241379310345,1
0.2564102564102564,0.6375000000000001,0.6097560975609757,0.6349206349206349,0.6724137931034482,0
0.6282051282051282,0.28750000000000003,0.4390243902439025,0.3650793650793651,0.4137931034482758,2
0.641025641025641,0.0625,0.5365853658536587,0.26984126984126977,0.15517241379310343,2
0.47435897435897434,0.23750000000000002,0.6097560975609757,0.4126984126984127,0.5,3
0.9102564102564101,0.0875,0.26829268292682934,0.38095238095238093,0.2068965517241379,3
0.6153846153846153,0.30000000000000004,0.3170731707317074,0.3015873015873016,0.08620689655172409,2
0.4358974358974359,0.45,0.39024390243902446,0.6031746031746033,0.5862068965517242,2
0.1282051282051282,0.55,0.6585365853658538,0.6507936507936507,0.7413793103448276,0
0.16666666666666663,0.675,0.48780487804878053,0.6507936507936507,0.8620689655172413,0
0.423076923076923,0.41250000000000003,0.5121951219512196,0.6349206349206349,0.24137931034482762,1
0.6538461538461537,0.07500000000000001,0.4634146341463415,0.2222222222222222,0.31034482758620696,2
0.4487179487179487,0.5125000000000001,0.48780487804878053,0.5555555555555554,0.3793103448275862,1
0.7820512820512819,0.0875,0.3658536585365854,0.3650793650793651,0.10344827586206906,3
0.6794871794871794,0.11249999999999999,0.4634146341463415,0.2857142857142858,0.34482758620689646,3
0.5641025641025641,0.23750000000000002,0.14634146341463417,0.5079365079365079,0.4482758620689655,2
0.5256410256410255,0.24999999999999997,0.34146341463414637,0.5555555555555554,0.39655172413793105,1
0.9102564102564101,0.07500000000000001,0.39024390243902446,0.38095238095238093,0.31034482758620696,3
0.47435897435897434,0.225,0.4634146341463415,0.5714285714285714,0.5862068965517242,2
0.41025641025641024,0.5,0.6097560975609757,0.7936507936507935,0.4482758620689655,1
0.846153846153846,0.11249999999999999,0.6097560975609757,0.33333333333333337,0.27586206896551724,3
0.3333333333333333,0.5875,0.5853658536585367,0.7142857142857142,0.7586206896551724,1
0.7179487179487178,0.1625,0.29268292682926833,0.26984126984126977,0.24137931034482762,3
0.8974358974358974,0.0625,0.21951219512195125,0.23809523809523803,0.2586206896551724,3
0.7948717948717948,0.2125,0.14634146341463417,0.3650793650793651,0.293103448275862,3
0.3333333333333333,0.225,0.5609756097560976,0.7619047619047619,0.8275862068965518,1
0.846153846153846,0.0625,0.34146341463414637,0.25396825396825395,0.3275862068965517,3
0.37179487179487175,0.4,0.6341463414634148,0.6984126984126984,0.4482758620689655,0
0.37179487179487175,0.1875,0.5365853658536587,0.6825396825396826,0.5862068965517242,0
0.4871794871794871,0.30000000000000004,0.5365853658536587,0.5079365079365079,0.4655172413793103,3
0.641025641025641,0.24999999999999997,0.34146341463414637,0.5079365079365079,0.4655172413793103,2
0.5384615384615384,0.41250000000000003,0.3658536585365854,0.25396825396825395,0.27586206896551724,3
0.34615384615384615,0.5875,0.41463414634146345,0.6825396825396826,0.7413793103448276,0
0.4871794871794871,0.3375,0.34146341463414637,0.3492063492063492,0.4137931034482758,1
0.6666666666666666,0.175,0.26829268292682934,0.4285714285714285,0.10344827586206906,3
0.4871794871794871,0.35000000000000003,0.17073170731707318,0.8253968253968256,0.603448275862069,1
0.8333333333333333,0.0875,0.26829268292682934,0.17460317460317465,0.293103448275862,3
0.47435897435897434,0.3125,0.4390243902439025,0.6031746031746033,0.603448275862069,2
0.41025641025641024,0.45,0.4390243902439025,0.6349206349206349,0.4137931034482758,1
0.6282051282051282,0.1625,0.41463414634146345,0.26984126984126977,0.4655172413793103,2
0.3589743589743589,0.55,0.17073170731707318,0.38095238095238093,0.43103448275862055,0
0.37179487179487175,0.42500000000000004,0.29268292682926833,0.6031746031746033,0.5517241379310345,0
0.6538461538461537,0.3125,0.29268292682926833,0.47619047619047605,0.48275862068965525,2
0.641025641025641,0.325,0.39024390243902446,0.2857142857142858,0.12068965517241381,2
0.47435897435897434,0.4,0.5609756097560976,0.4126984126984127,0.4655172413793103,2
0.5769230769230769,0.225,0.29268292682926833,0.47619047619047605,0.17241379310344818,2
0.0641025641025641,0.9125,0.8292682926829269,0.7619047619047619,0.8448275862068966,0
0.8076923076923076,0.13749999999999998,0.17073170731707318,0.3015873015873016,0.2586206896551724,3
0.3846153846153846,0.3875,0.29268292682926833,0.6825396825396826,0.293103448275862,1
0.4487179487179487,0.3375,0.5853658536585367,0.39682539682539675,0.48275862068965525,2
0.2564102564102564,0.5625,0.5853658536585367,0.8412698412698414,0.603448275862069,1
0.23076923076923073,0.5875,0.5853658536585367,0.8095238095238093,0.9310344827586206,0
0.7051282051282051,0.19999999999999998,0.3170731707317074,0.4285714285714285,0.22413793103448287,3
0.7564102564102564,0.375,0.34146341463414637,0.38095238095238093,0.293103448275862,3
0.6794871794871794,0.175,0.21951219512195125,0.4285714285714285,0.24137931034482762,3
0.47435897435897434,0.4625,0.26829268292682934,0.5873015873015872,0.5862068965517242,1
0.641025641025641,0.24999999999999997,0.3658536585365854,0.3650793650793651,0.34482758620689646,2
0.3589743589743589,0.35000000000000003,0.4634146341463415,0.6984126984126984,0.6551724137931034,0
0.6025641025641025,0.275,0.17073170731707318,0.4920634920634921,0.39655172413793105,1
0.5769230769230769,0.375,0.6829268292682927,0.2857142857142858,0.4137931034482758,3
0.4358974358974359,0.23750000000000002,0.5609756097560976,0.46031746031746024,0.5,3
0.39743589743589736,0.4,0.39024390243902446,0.5714285714285714,0.4482758620689655,2
0.41025641025641024,0.5,0.3658536585365854,0.5714285714285714,0.603448275862069,1
0.3205128205128205,0.48750000000000004,0.4390243902439025,0.5555555555555554,0.4655172413793103,1
0.47435897435897434,0.45,0.29268292682926833,0.5714285714285714,0.5862068965517242,2
0.423076923076923,0.30000000000000004,0.41463414634146345,0.6031746031746033,0.43103448275862055,1
0.6794871794871794,0.125,0.3658536585365854,0.4285714285714285,0.24137931034482762,2
0.3589743589743589,0.45,0.24390243902439027,0.6984126984126984,0.34482758620689646,2
0.5256410256410255,0.36250000000000004,0.3170731707317074,0.5079365079365079,0.5344827586206897,2
0.14102564102564102,0.65,0.4390243902439025,0.9047619047619049,0.7586206896551724,0
0.4487179487179487,0.2625,0.39024390243902446,0.5873015873015872,0.5862068965517242,1
0.20512820512820512,0.7125,0.5853658536585367,0.8253968253968256,0.7758620689655171,0
0.39743589743589736,0.45,0.5121951219512196,0.46031746031746024,0.5862068965517242,1
0.11538461538461536,0.625,0.7317073170731708,0.6190476190476191,0.7413793103448276,0
0.3589743589743589,0.48750000000000004,0.5121951219512196,0.6031746031746033,0.6379310344827585,1
0.7692307692307692,0.049999999999999996,0.29268292682926833,0.39682539682539675,0.08620689655172409,3
0.37179487179487175,0.5750000000000001,0.39024390243902446,0.523809523809524,0.4655172413793103,1
0.423076923076923,0.4375,0.5121951219512196,0.6349206349206349,0.5862068965517242,1
0.5769230769230769,0.19999999999999998,0.21951219512195125,0.3650793650793651,0.4137931034482758,2
0.7948717948717948,0.0875,0.26829268292682934,0.3650793650793651,0.06896551724137934,3
0.038461538461538464,0.775,0.5609756097560976,0.8253968253968256,0.9137931034482758,0
0.34615384615384615,0.675,0.7804878048780489,0.7619047619047619,0.6724137931034482,1
0.7179487179487178,0.13749999999999998,0.6097560975609757,0.26984126984126977,0.17241379310344818,3
0.5384615384615384,0.3125,0.41463414634146345,0.5079365079365079,0.4482758620689655,2
0.34615384615384615,0.4625,0.29268292682926833,0.4285714285714285,0.48275862068965525,2
0.5384615384615384,0.24999999999999997,0.4634146341463415,0.25396825396825395,0.4137931034482758,2
0.6794871794871794,0.1,0.5365853658536587,0.4444444444444444,0.4137931034482758,2
0.9230769230769229,0.0875,0.29268292682926833,0.1428571428571428,0.3793103448275862,3
0.8333333333333333,0.23750000000000002,0.34146341463414637,0.33333333333333337,0.10344827586206906,3
0.423076923076923,0.24999999999999997,0.6097560975609757,0.6984126984126984,0.43103448275862055,1
0.3589743589743589,0.6125,0.7560975609756099,0.73015873015873,0.7241379310344827,2
0.8974358974358974,0.0875,0.29268292682926833,0.2857142857142858,0.36206896551724144,3
0.7692307692307692,0.0875,0.41463414634146345,0.2857142857142858,0.293103448275862,3
0.6538461538461537,0.275,0.41463414634146345,0.3650793650793651,0.18965517241379315,2
0.6794871794871794,0.13749999999999998,0.48780487804878053,0.3650793650793651,0.31034482758620696,3
0.39743589743589736,0.5375,0.5365853658536587,0.5079365079365079,0.5517241379310345,0
0.8205128205128205,0.0875,0.26829268292682934,0.33333333333333337,0.36206896551724144,3
0.5256410256410255,0.1,0.24390243902439027,0.3650793650793651,0.3275862068965517,2
0.6538461538461537,0.375,0.3658536585365854,0.25396825396825395,0.06896551724137934,3
0.6025641025641025,0.30000000000000004,0.3170731707317074,0.31746031746031733,0.08620689655172409,2
0.7435897435897435,0.0875,0.26829268292682934,0.31746031746031733,0.24137931034482762,3
0.5512820512820512,0.375,0.19512195121951223,0.39682539682539675,0.24137931034482762,2
0.7692307692307692,0.07500000000000001,0.39024390243902446,0.3492063492063492,0.12068965517241381,3
0.34615384615384615,0.6875,0.29268292682926833,0.8412698412698414,0.8793103448275861,0
0.5769230769230769,0.19999999999999998,0.5609756097560976,0.25396825396825395,0.18965517241379315,2
0.051282051282051266,0.675,0.41463414634146345,0.5714285714285714,0.6551724137931034,1
0.7564102564102564,0.07500000000000001,0.17073170731707318,0.33333333333333337,0.2068965517241379,3
0.2692307692307692,0.75,0.5609756097560976,0.6984126984126984,0.6206896551724137,1
0.47435897435897434,0.4,0.24390243902439027,0.5714285714285714,0.5862068965517242,1
0.6538461538461537,0.175,0.41463414634146345,0.4126984126984127,0.24137931034482762,2
0.30769230769230765,0.475,0.5121951219512196,0.6190476190476191,0.603448275862069,1
0.4871794871794871,0.23750000000000002,0.48780487804878053,0.5714285714285714,0.4137931034482758,1
0.5128205128205128,0.3875,0.4634146341463415,0.5714285714285714,0.4137931034482758,2
0.21794871794871795,0.6625,0.48780487804878053,0.8412698412698414,0.7586206896551724,0
0.4358974358974359,0.28750000000000003,0.48780487804878053,0.6031746031746033,0.5862068965517242,2
0.4487179487179487,0.4375,0.4390243902439025,0.6190476190476191,0.5517241379310345,2
0.6153846153846153,0.3875,0.12195121951219513,0.523809523809524,0.48275862068965525,1
0.3205128205128205,0.375,0.6097560975609757,0.523809523809524,0.603448275862069,1
0.7692307692307692,0.0875,0.21951219512195125,0.23809523809523803,0.2068965517241379,3
0.7051282051282051,0.1625,0.29268292682926833,0.3015873015873016,0.2586206896551724,3
0.1282051282051282,0.625,0.5609756097560976,0.6825396825396826,0.603448275862069,0
0.7435897435897435,0.2625,0.3170731707317074,0.1587301587301586,0.39655172413793105,3
0.6666666666666666,0.0875,0.12195121951219513,0.4444444444444444,0.27586206896551724,2
0.7179487179487178,0.0625,0.5853658536585367,0.2063492063492064,0.24137931034482762,3
0.5384615384615384,0.42500000000000004,0.5609756097560976,0.33333333333333337,0.24137931034482762,2
0.8333333333333333,0.0875,0.24390243902439027,0.19047619047619047,0.24137931034482762,3
0.5512820512820512,0.2125,0.39024390243902446,0.6031746031746033,0.5172413793103448,2
0.6666666666666666,0.23750000000000002,0.5121951219512196,0.3015873015873016,0.12068965517241381,2
0.46153846153846145,0.275,0.3170731707317074,0.46031746031746024,0.24137931034482762,1
0.4358974358974359,0.4,0.7804878048780489,0.39682539682539675,0.4482758620689655,1
0.41025641025641024,0.45,0.5853658536585367,0.523809523809524,0.5517241379310345,2
0.5,0.2625,0.5609756097560976,0.5079365079365079,0.5172413793103448,2
0.4487179487179487,0.42500000000000004,0.4634146341463415,0.6031746031746033,0.5862068965517242,2
0.46153846153846145,0.4,0.4634146341463415,0.5714285714285714,0.22413793103448287,2
0.39743589743589736,0.55,0.5853658536585367,0.73015873015873,0.39655172413793105,1
0.3333333333333333,0.375,0.7560975609756099,0.5714285714285714,0.9310344827586206,1
0.24358974358974356,0.5750000000000001,0.5853658536585367,0.8095238095238093,0.7586206896551724,1
0.5641025641025641,0.3125,0.39024390243902446,0.4920634920634921,0.4137931034482758,2
0.46153846153846145,0.4375,0.41463414634146345,0.6984126984126984,0.603448275862069,1
0.30769230769230765,0.375,0.5853658536585367,0.7936507936507935,0.8103448275862071,1
0.6282051282051282,0.1875,0.39024390243902446,0.46031746031746024,0.39655172413793105,2
0.6025641025641025,0.4,0.3170731707317074,0.3015873015873016,0.293103448275862,3
0.6282051282051282,0.30000000000000004,0.3170731707317074,0.47619047619047605,0.293103448275862,3
0.641025641025641,0.2625,0.48780487804878053,0.38095238095238093,0.10344827586206906,2
0.23076923076923073,0.625,0.6097560975609757,0.7777777777777777,0.7758620689655171,1
0.4358974358974359,0.225,0.4634146341463415,0.5555555555555554,0.39655172413793105,1
0.3589743589743589,0.3375,0.6829268292682927,0.4285714285714285,0.5517241379310345,1
0.4871794871794871,0.35000000000000003,0.41463414634146345,0.5555555555555554,0.5862068965517242,2
0.3333333333333333,0.6875,0.4390243902439025,0.7619047619047619,0.8275862068965518,1
0.1923076923076923,0.5875,0.5853658536585367,0.8730158730158728,0.7758620689655171,0
0.6282051282051282,0.2625,0.5121951219512196,0.3650793650793651,0.36206896551724144,3
0.15384615384615385,0.525,0.3658536585365854,0.5396825396825398,0.6379310344827585,0
0.4871794871794871,0.3875,0.48780487804878053,0.47619047619047605,0.5862068965517242,1
0.4358974358974359,0.5750000000000001,0.48780487804878053,0.4444444444444444,0.5172413793103448,2
0.47435897435897434,0.35000000000000003,0.3170731707317074,0.5873015873015872,0.4655172413793103,1
0.28205128205128205,0.7125,0.7073170731707318,0.8412698412698414,0.7586206896551724,0
0.7692307692307692,0.1625,0.39024390243902446,0.46031746031746024,0.06896551724137934,3
0.7179487179487178,0.11249999999999999,0.12195121951219513,0.3015873015873016,0.06896551724137934,3
0.3205128205128205,0.55,0.3170731707317074,0.6031746031746033,0.7413793103448276,1
0.4871794871794871,0.4625,0.3658536585365854,0.1428571428571428,0.4482758620689655,2
0.5256410256410255,0.2125,0.39024390243902446,0.523809523809524,0.4137931034482758,2
0.7820512820512819,0.0625,0.39024390243902446,0.2222222222222222,0.39655172413793105,3
0.39743589743589736,0.55,0.6585365853658538,0.7142857142857142,0.6206896551724137,1
0.423076923076923,0.7625000000000001,0.34146341463414637,0.6349206349206349,0.5689655172413794,2
0.0641025641025641,0.7000000000000001,0.7560975609756099,0.8095238095238093,0.603448275862069,0
0.8205128205128205,0.11249999999999999,0.14634146341463417,0.1587301587301586,0.17241379310344818,3
0.8974358974358974,0.0875,0.24390243902439027,0.1428571428571428,0.31034482758620696,3
0.20512820512820512,0.5875,0.5121951219512196,0.6031746031746033,0.9137931034482758,2
0.8717948717948717,0.175,0.09756097560975611,0.33333333333333337,0.17241379310344818,3
0.3589743589743589,0.30000000000000004,0.6341463414634148,0.6031746031746033,0.7413793103448276,1
0.7435897435897435,0.1,0.5121951219512196,0.33333333333333337,0.2068965517241379,2
0.6153846153846153,0.125,0.39024390243902446,0.3492063492063492,0.22413793103448287,3
0.2564102564102564,0.5625,0.6585365853658538,0.7936507936507935,0.8275862068965518,0
0.4358974358974359,0.3125,0.48780487804878053,0.4920634920634921,0.5689655172413794,2
0.7307692307692307,0.2125,0.17073170731707318,0.3492063492063492,0.22413793103448287,3
0.641025641025641,0.275,0.4390243902439025,0.2222222222222222,0.3275862068965517,3
0.8974358974358974,0.0875,0.24390243902439027,0.19047619047619047,0.293103448275862,3
0.6153846153846153,0.24999999999999997,0.26829268292682934,0.2857142857142858,0.10344827586206906,3
0.7435897435897435,0.0875,0.17073170731707318,0.33333333333333337,0.34482758620689646,3
0.34615384615384615,0.5625,0.5121951219512196,0.7142857142857142,0.7931034482758619,1
0.9230769230769229,0.0875,0.14634146341463417,0.1428571428571428,0.34482758620689646,3
0.5641025641025641,0.23750000000000002,0.3658536585365854,0.38095238095238093,0.15517241379310343,2
0.8205128205128205,0.0875,0.26829268292682934,0.3015873015873016,0.08620689655172409,3
0.8333333333333333,0.0875,0.17073170731707318,0.19047619047619047,0.24137931034482762,3
0.423076923076923,0.42500000000000004,0.21951219512195125,0.39682539682539675,0.3793103448275862,1
0.8846153846153846,0.0875,0.29268292682926833,0.17460317460317465,0.08620689655172409,3
0.641025641025641,0.1875,0.34146341463414637,0.47619047619047605,0.3793103448275862,2
0.7307692307692307,0.0875,0.19512195121951223,0.23809523809523803,0.18965517241379315,3
0.9615384615384615,0.0875,0.09756097560975611,0.031746031746031744,0.24137931034482762,3
0.4358974358974359,0.42500000000000004,0.29268292682926833,0.5079365079365079,0.5517241379310345,2
0.4358974358974359,0.3875,0.5365853658536587,0.5873015873015872,0.5862068965517242,1
0.30769230769230765,0.475,0.5609756097560976,0.746031746031746,0.6379310344827585,1
0.5769230769230769,0.28750000000000003,0.26829268292682934,0.4920634920634921,0.36206896551724144,2
0.8974358974358974,0.049999999999999996,0.3170731707317074,0.25396825396825395,0.36206896551724144,3
0.5512820512820512,0.2625,0.41463414634146345,0.46031746031746024,0.39655172413793105,1
0.7179487179487178,0.0875,0.5365853658536587,0.39682539682539675,0.2068965517241379,3
0.6538461538461537,0.125,0.48780487804878053,0.3650793650793651,0.4137931034482758,2
0.4871794871794871,0.3375,0.34146341463414637,0.31746031746031733,0.3793103448275862,2
0.9230769230769229,0.125,0.21951219512195125,0.3492063492063492,0.4482758620689655,3
0.2692307692307692,0.6875,0.41463414634146345,0.8412698412698414,0.8103448275862071,0
0.4358974358974359,0.45,0.39024390243902446,0.46031746031746024,0.5,2
0.3589743589743589,0.55,0.5609756097560976,0.6825396825396826,0.5689655172413794,1
0.8205128205128205,0.15,0.34146341463414637,0.2222222222222222,0.17241379310344818,3
0.6025641025641025,0.225,0.4634146341463415,0.17460317460317465,0.27586206896551724,2
0.8333333333333333,0.11249999999999999,0.39024390243902446,0.19047619047619047,0.22413793103448287,3
0.9102564102564101,0.07500000000000001,0.14634146341463417,0.25396825396825395,0.31034482758620696,3
0.15384615384615385,0.5750000000000001,0.6097560975609757,0.6507936507936507,0.9482758620689653,0
0.37179487179487175,0.28750000000000003,0.5609756097560976,0.6825396825396826,0.7586206896551724,1
0.9102564102564101,0.0875,0.29268292682926833,0.11111111111111105,0.08620689655172409,3
0.9102564102564101,0.07500000000000001,0.41463414634146345,0.38095238095238093,0.24137931034482762,3
0.41025641025641024,0.41250000000000003,0.4634146341463415,0.6666666666666665,0.5862068965517242,1
0.5512820512820512,0.24999999999999997,0.3170731707317074,0.523809523809524,0.4137931034482758,2
0.6666666666666666,0.1,0.21951219512195125,0.1269841269841271,0.13793103448275867,3
0.5128205128205128,0.3375,0.29268292682926833,0.5714285714285714,0.603448275862069,2
0.07692307692307693,0.7000000000000001,0.878048780487805,0.6507936507936507,0.7586206896551724,0
0.7307692307692307,0.3125,0.4390243902439025,0.3492063492063492,0.06896551724137934,3
0.41025641025641024,0.5125000000000001,0.3170731707317074,0.33333333333333337,0.4482758620689655,1
0.8333333333333333,0.07500000000000001,0.07317073170731708,0.31746031746031733,0.34482758620689646,3
0.7435897435897435,0.30000000000000004,0.41463414634146345,0.4444444444444444,0.22413793103448287,3
0.6282051282051282,0.275,0.6585365853658538,0.1428571428571428,0.3793103448275862,3
0.5897435897435896,0.23750000000000002,0.41463414634146345,0.3650793650793651,0.2586206896551724,2
0.6923076923076923,0.19999999999999998,0.29268292682926833,0.2857142857142858,0.31034482758620696,2
0.5897435897435896,0.0875,0.3170731707317074,0.3015873015873016,0.08620689655172409,2
0.24358974358974356,0.775,0.5365853658536587,0.5396825396825398,0.5862068965517242,1
0.5897435897435896,0.3125,0.3170731707317074,0.1428571428571428,0.36206896551724144,3
0.7179487179487178,0.13749999999999998,0.07317073170731708,0.3650793650793651,0.18965517241379315,3
0.39743589743589736,0.5,0.5609756097560976,0.523809523809524,0.5172413793103448,1
0.3333333333333333,0.475,0.39024390243902446,0.8253968253968256,0.7413793103448276,1
0.6794871794871794,0.19999999999999998,0.3170731707317074,0.4444444444444444,0.4482758620689655,3
0.4358974358974359,0.48750000000000004,0.34146341463414637,0.4285714285714285,0.4482758620689655,1
0.5769230769230769,0.45,0.5609756097560976,0.1587301587301586,0.2586206896551724,2
0.41025641025641024,0.5375,0.6341463414634148,0.6190476190476191,0.5862068965517242,1
0.2564102564102564,0.6,0.6097560975609757,0.9206349206349207,0.7241379310344827,0
0.15384615384615385,0.75,0.7317073170731708,0.6825396825396826,0.6896551724137929,0
0.641025641025641,0.1,0.24390243902439027,0.4126984126984127,0.4137931034482758,3
0.3846153846153846,0.3375,0.3658536585365854,0.5555555555555554,0.7586206896551724,1
0.5512820512820512,0.41250000000000003,0.41463414634146345,0.2857142857142858,0.27586206896551724,2
0.4871794871794871,0.41250000000000003,0.5121951219512196,0.6190476190476191,0.5862068965517242,1
0.6538461538461537,0.125,0.34146341463414637,0.26984126984126977,0.43103448275862055,2
0.4487179487179487,0.4625,0.29268292682926833,0.5873015873015872,0.5517241379310345,1
0.8589743589743589,0.1,0.21951219512195125,0.2857142857142858,0.31034482758620696,3
0.3589743589743589,0.4625,0.3170731707317074,0.7142857142857142,0.4137931034482758,2
0.6025641025641025,0.24999999999999997,0.4634146341463415,0.4920634920634921,0.4137931034482758,2
0.6923076923076923,0.0375,0.26829268292682934,0.4444444444444444,0.15517241379310343,3
0.5384615384615384,0.325,0.41463414634146345,0.4920634920634921,0.36206896551724144,2
0.5897435897435896,0.45,0.5609756097560976,0.47619047619047605,0.5,2
0.8076923076923076,0.0875,0.21951219512195125,0.3492063492063492,0.34482758620689646,3
0.6025641025641025,0.19999999999999998,0.5609756097560976,0.1587301587301586,0.08620689655172409,3
0.5897435897435896,0.23750000000000002,0.6097560975609757,0.1587301587301586,0.051724137931034475,3
0.7564102564102564,0.0875,0.21951219512195125,0.3650793650793651,0.06896551724137934,3
0.5256410256410255,0.4625,0.34146341463414637,0.5873015873015872,0.5862068965517242,1
0.2692307692307692,0.5375,0.6341463414634148,0.5396825396825398,0.7586206896551724,0
0.7692307692307692,0.0875,0.21951219512195125,0.3015873015873016,0.3793103448275862,3
0.6025641025641025,0.275,0.4634146341463415,0.23809523809523803,0.10344827586206906,3
0.23076923076923073,0.55,0.5609756097560976,0.73015873015873,0.7931034482758619,1
0.4487179487179487,0.7000000000000001,0.24390243902439027,0.6666666666666665,0.6206896551724137,1
0.423076923076923,0.45,0.41463414634146345,0.5873015873015872,0.24137931034482762,2
0.39743589743589736,0.42500000000000004,0.5365853658536587,0.6349206349206349,0.5862068965517242,1
0.6538461538461537,0.1,0.17073170731707318,0.31746031746031733,0.15517241379310343,3
0.3205128205128205,0.325,0.4390243902439025,0.8095238095238093,0.5517241379310345,0
0.3333333333333333,0.42500000000000004,0.26829268292682934,0.7142857142857142,0.8620689655172413,1
0.7948717948717948,0.0875,0.34146341463414637,0.3650793650793651,0.24137931034482762,3
0.5128205128205128,0.45,0.5121951219512196,0.33333333333333337,0.24137931034482762,2
0.2564102564102564,0.6875,0.8292682926829269,0.5714285714285714,0.6206896551724137,1
0.37179487179487175,0.41250000000000003,0.5121951219512196,0.6984126984126984,0.6206896551724137,2
0.5,0.19999999999999998,0.39024390243902446,0.5873015873015872,0.5862068965517242,2
0.6666666666666666,0.0625,0.41463414634146345,0.46031746031746024,0.24137931034482762,3
0.3333333333333333,0.55,0.7073170731707318,0.7619047619047619,0.6896551724137929,0
0.28205128205128205,0.5125000000000001,0.34146341463414637,0.5555555555555554,0.6379310344827585,1
0.39743589743589736,0.3125,0.6097560975609757,0.6666666666666665,0.43103448275862055,1
0.3205128205128205,0.5750000000000001,0.7804878048780489,0.5873015873015872,0.7931034482758619,1
0.5512820512820512,0.3125,0.48780487804878053,0.5555555555555554,0.4482758620689655,3
0.47435897435897434,0.225,0.5365853658536587,0.47619047619047605,0.6551724137931034,1
0.5512820512820512,0.42500000000000004,0.39024390243902446,0.4444444444444444,0.5517241379310345,2
0.8974358974358974,0.1,0.3170731707317074,0.17460317460317465,0.18965517241379315,3
0.23076923076923073,0.6875,0.5365853658536587,0.6666666666666665,0.7586206896551724,1
0.5512820512820512,0.35000000000000003,0.5853658536585367,0.47619047619047605,0.39655172413793105,2
0.3589743589743589,0.7125,0.6341463414634148,0.73015873015873,0.7586206896551724,1
0.8205128205128205,0.0875,0.14634146341463417,0.26984126984126977,0.08620689655172409,3
0.28205128205128205,0.55,0.7317073170731708,0.8412698412698414,0.7413793103448276,0
0.7820512820512819,0.0875,0.07317073170731708,0.17460317460317465,0.06896551724137934,3
0.6282051282051282,0.36250000000000004,0.17073170731707318,0.38095238095238093,0.5862068965517242,3
0.20512820512820512,0.8,0.6097560975609757,0.6825396825396826,0.9482758620689653,0
0.6538461538461537,0.42500000000000004,0.3658536585365854,0.4126984126984127,0.24137931034482762,2
0.7820512820512819,0.125,0.3170731707317074,0.1428571428571428,0.15517241379310343,3
0.2948717948717948,0.6375000000000001,0.39024390243902446,0.5714285714285714,0.8103448275862071,1
0.1923076923076923,0.525,0.6585365853658538,0.7936507936507935,0.6896551724137929,0
0.6282051282051282,0.1,0.3170731707317074,0.4444444444444444,0.24137931034482762,3
0.8333333333333333,0.0875,0.3658536585365854,0.19047619047619047,0.24137931034482762,3
0.3333333333333333,0.475,0.34146341463414637,0.7619047619047619,0.39655172413793105,0
0.7435897435897435,0.13749999999999998,0.14634146341463417,0.4126984126984127,0.22413793103448287,3
0.6923076923076923,0.13749999999999998,0.17073170731707318,0.33333333333333337,0.12068965517241381,2
0.30769230769230765,0.6625,0.6097560975609757,0.73015873015873,0.7586206896551724,1
0.14102564102564102,0.7875,0.7073170731707318,0.5714285714285714,0.96551724137931,0
0.5,0.3875,0.4390243902439025,0.523809523809524,0.4137931034482758,2
0.4487179487179487,0.1625,0.5121951219512196,0.5079365079365079,0.4482758620689655,2
0.6923076923076923,0.24999999999999997,0.3658536585365854,0.4285714285714285,0.24137931034482762,3
0.6282051282051282,0.24999999999999997,0.4634146341463415,0.2857142857142858,0.36206896551724144,2
0.8717948717948717,0.1875,0.3658536585365854,0.17460317460317465,0.2586206896551724,3
0.23076923076923073,0.5375,0.5365853658536587,0.7777777777777777,0.8793103448275861,0
0.1923076923076923,0.35000000000000003,0.5609756097560976,0.6825396825396826,0.896551724137931,0
0.3333333333333333,0.375,0.24390243902439027,0.5555555555555554,0.6379310344827585,0
0.46153846153846145,0.5375,0.3170731707317074,0.6507936507936507,0.6206896551724137,1
0.5512820512820512,0.36250000000000004,0.39024390243902446,0.5873015873015872,0.5344827586206897,2
0.24358974358974356,0.75,0.7560975609756099,0.6190476190476191,0.7413793103448276,0
0.37179487179487175,0.6,0.5609756097560976,0.7777777777777777,0.9137931034482758,0
0.6153846153846153,0.3875,0.34146341463414637,0.4285714285714285,0.603448275862069,2
0.41025641025641024,0.475,0.4390243902439025,0.7142857142857142,0.5862068965517242,1
0.39743589743589736,0.6125,0.21951219512195125,0.6984126984126984,0.24137931034482762,1
0.1282051282051282,0.65,0.6585365853658538,0.6190476190476191,0.7241379310344827,0
0.39743589743589736,0.375,0.4634146341463415,0.46031746031746024,0.5689655172413794,2
0.24358974358974356,0.48750000000000004,0.5365853658536587,0.6190476190476191,0.7413793103448276,1
0.7051282051282051,0.2625,0.12195121951219513,0.4444444444444444,0.2068965517241379,2
0.5769230769230769,0.19999999999999998,0.4390243902439025,0.2857142857142858,0.24137931034482762,3
0.2948717948717948,0.7000000000000001,0.6585365853658538,0.7777777777777777,0.7586206896551724,0
0.10256410256410256,0.9625,0.6341463414634148,0.73015873015873,0.6206896551724137,0
0.9102564102564101,0.0875,0.3170731707317074,0.31746031746031733,0.31034482758620696,3
0.9487179487179487,0.049999999999999996,0.09756097560975611,0.17460317460317465,0.293103448275862,3
0.5512820512820512,0.3125,0.34146341463414637,0.523809523809524,0.603448275862069,2
0.5,0.3375,0.3658536585365854,0.38095238095238093,0.39655172413793105,2
0.46153846153846145,0.30000000000000004,0.39024390243902446,0.39682539682539675,0.5517241379310345,2
0.5384615384615384,0.3875,0.3170731707317074,0.3015873015873016,0.06896551724137934,3
0.6153846153846153,0.30000000000000004,0.3658536585365854,0.3492063492063492,0.4482758620689655,2
0.37179487179487175,0.5,0.5121951219512196,0.4444444444444444,0.5517241379310345,1
0.5256410256410255,0.2125,0.48780487804878053,0.5555555555555554,0.43103448275862055,1
0.7051282051282051,0.0375,0.4390243902439025,0.31746031746031733,0.2586206896551724,2
0.3205128205128205,0.5625,0.6829268292682927,0.857142857142857,0.7413793103448276,1
0.3589743589743589,0.6,0.4634146341463415,0.746031746031746,0.4482758620689655,1
0.4487179487179487,0.275,0.3170731707317074,0.4126984126984127,0.48275862068965525,1
0.5641025641025641,0.175,0.4390243902439025,0.25396825396825395,0.293103448275862,2
0.6666666666666666,0.13749999999999998,0.4390243902439025,0.26984126984126977,0.13793103448275867,3
0.5512820512820512,0.4,0.26829268292682934,0.3015873015873016,0.24137931034482762,3
0.41025641025641024,0.3125,0.7560975609756099,0.6031746031746033,0.24137931034482762,1
0.3846153846153846,0.35000000000000003,0.41463414634146345,0.6825396825396826,0.7586206896551724,1
0.3205128205128205,0.475,0.4390243902439025,0.8095238095238093,0.8793103448275861,0
0.47435897435897434,0.28750000000000003,0.4634146341463415,0.523809523809524,0.4482758620689655,2
0.47435897435897434,0.24999999999999997,0.5121951219512196,0.5714285714285714,0.5862068965517242,2
0.6282051282051282,0.225,0.5365853658536587,0.38095238095238093,0.5,3
0.9358974358974359,0.0625,0.21951219512195125,0.33333333333333337,0.22413793103448287,3
0.5897435897435896,0.11249999999999999,0.4390243902439025,0.3492063492063492,0.27586206896551724,3
0.37179487179487175,0.525,0.5853658536585367,0.7142857142857142,0.5862068965517242,1
0.6538461538461537,0.07500000000000001,0.34146341463414637,0.31746031746031733,0.12068965517241381,3
0.34615384615384615,0.4625,0.34146341463414637,0.6984126984126984,0.4137931034482758,2
0.23076923076923073,0.775,0.4634146341463415,0.5714285714285714,0.7931034482758619,1
0.6153846153846153,0.1,0.5609756097560976,0.4920634920634921,0.4137931034482758,2
0.3589743589743589,0.6125,0.7073170731707318,0.7142857142857142,0.24137931034482762,1
0.37179487179487175,0.3875,0.21951219512195125,0.73015873015873,0.603448275862069,1
0.3846153846153846,0.5375,0.4390243902439025,0.4444444444444444,0.6551724137931034,1
0.4871794871794871,0.28750000000000003,0.39024390243902446,0.6984126984126984,0.5862068965517242,1
0.30769230769230765,0.675,0.6341463414634148,0.7936507936507935,0.7586206896551724,1
0.7820512820512819,0.0375,0.07317073170731708,0.26984126984126977,0.36206896551724144,3
0.7435897435897435,0.13749999999999998,0.3658536585365854,0.39682539682539675,0.2068965517241379,3
0.4871794871794871,0.35000000000000003,0.5365853658536587,0.4126984126984127,0.4482758620689655,1
0.8589743589743589,0.0875,0.19512195121951223,0.31746031746031733,0.15517241379310343,3
0.23076923076923073,0.41250000000000003,0.6097560975609757,0.523809523809524,0.7758620689655171,0
0.20512820512820512,0.625,0.6585365853658538,0.6507936507936507,0.9137931034482758,0
0.47435897435897434,0.5125000000000001,0.5609756097560976,0.17460317460317465,0.4137931034482758,2
0.3846153846153846,0.325,0.34146341463414637,0.6666666666666665,0.603448275862069,1
0.641025641025641,0.225,0.4634146341463415,0.25396825396825395,0.2068965517241379,3
0.6666666666666666,0.1625,0.14634146341463417,0.4126984126984127,0.43103448275862055,3
0.41025641025641024,0.41250000000000003,0.5365853658536587,0.38095238095238093,0.4137931034482758,2
0.47435897435897434,0.5875,0.41463414634146345,0.5714285714285714,0.39655172413793105,2
0.5384615384615384,0.2625,0.3658536585365854,0.5555555555555554,0.5862068965517242,2
0.5512820512820512,0.225,0.5365853658536587,0.25396825396825395,0.4655172413793103,2
0.5512820512820512,0.30000000000000004,0.39024390243902446,0.4444444444444444,0.43103448275862055,1
0.47435897435897434,0.4375,0.4634146341463415,0.3650793650793651,0.48275862068965525,2
0.5641025641025641,0.35000000000000003,0.48780487804878053,0.5079365079365079,0.34482758620689646,3
0.3846153846153846,0.6375000000000001,0.48780487804878053,0.73015873015873,0.5862068965517242,1
0.5897435897435896,0.175,0.34146341463414637,0.3650793650793651,0.27586206896551724,2
0.4358974358974359,0.42500000000000004,0.4390243902439025,0.4285714285714285,0.5,2
0.4487179487179487,0.19999999999999998,0.29268292682926833,0.47619047619047605,0.2068965517241379,1
0.5256410256410255,0.325,0.6097560975609757,0.523809523809524,0.4137931034482758,2
0.6153846153846153,0.1875,0.41463414634146345,0.2857142857142858,0.4137931034482758,2
0.2692307692307692,0.6,0.41463414634146345,0.6984126984126984,0.7758620689655171,1
0.7307692307692307,0.0625,0.17073170731707318,0.23809523809523803,0.12068965517241381,3
0.7820512820512819,0.0625,0.39024390243902446,0.2857142857142858,0.293103448275862,3
0.6666666666666666,0.225,0.12195121951219513,0.23809523809523803,0.27586206896551724,3
0.641025641025641,0.3375,0.12195121951219513,0.3492063492063492,0.5344827586206897,3
0.37179487179487175,0.4375,0.41463414634146345,0.6507936507936507,0.5862068965517242,1
0.5256410256410255,0.3875,0.6585365853658538,0.5555555555555554,0.4137931034482758,2
0.2948717948717948,0.7125,0.7073170731707318,0.6825396825396826,0.8793103448275861,1
0.20512820512820512,0.7625000000000001,0.5609756097560976,0.8095238095238093,0.6724137931034482,0
0.23076923076923073,0.5375,0.48780487804878053,0.6031746031746033,0.6551724137931034,1
0.3846153846153846,0.275,0.41463414634146345,0.6031746031746033,0.4482758620689655,2
0.34615384615384615,0.42500000000000004,0.29268292682926833,0.47619047619047605,0.4655172413793103,1
0.37179487179487175,0.48750000000000004,0.41463414634146345,0.6349206349206349,0.9310344827586206,0
0.7179487179487178,0.3375,0.3658536585365854,0.3015873015873016,0.24137931034482762,3
0.8076923076923076,0.0625,0.12195121951219513,0.3492063492063492,0.17241379310344818,3
0.6666666666666666,0.1,0.34146341463414637,0.4285714285714285,0.17241379310344818,3
0.423076923076923,0.5750000000000001,0.5853658536585367,0.5714285714285714,0.27586206896551724,2
0.5256410256410255,0.225,0.19512195121951223,0.5873015873015872,0.48275862068965525,2
0.3589743589743589,0.5125000000000001,0.48780487804878053,0.6666666666666665,0.7586206896551724,1
0.9487179487179487,0.07500000000000001,0.29268292682926833,0.1587301587301586,0.2586206896551724,3
0.5512820512820512,0.1625,0.24390243902439027,0.4285714285714285,0.24137931034482762,2
0.20512820512820512,0.5875,0.48780487804878053,0.5714285714285714,0.7586206896551724,0
0.30769230769230765,0.5125000000000001,0.48780487804878053,0.523809523809524,0.5689655172413794,0
0.6666666666666666,0.325,0.5365853658536587,0.1428571428571428,0.34482758620689646,3
0.6025641025641025,0.225,0.6829268292682927,0.5079365079365079,0.39655172413793105,2
0.8974358974358974,0.0875,0.5365853658536587,0.25396825396825395,0.34482758620689646,3
0.6666666666666666,0.125,0.09756097560975611,0.33333333333333337,0.24137931034482762,3
0.5897435897435896,0.325,0.19512195121951223,0.4126984126984127,0.15517241379310343,2
0.6923076923076923,0.0875,0.3170731707317074,0.3015873015873016,0.36206896551724144,3
0.5641025641025641,0.24999999999999997,0.41463414634146345,0.47619047619047605,0.5,2
0.5256410256410255,0.28750000000000003,0.41463414634146345,0.5873015873015872,0.18965517241379315,2
0.7179487179487178,0.175,0.17073170731707318,0.4444444444444444,0.24137931034482762,3
0.6666666666666666,0.0875,0.3170731707317074,0.17460317460317465,0.13793103448275867,3
0.4871794871794871,0.4,0.5365853658536587,0.5873015873015872,0.4482758620689655,1
0.4358974358974359,0.48750000000000004,0.4634146341463415,0.6984126984126984,0.5517241379310345,1
0.5769230769230769,0.2625,0.4634146341463415,0.1587301587301586,0.2068965517241379,3
0.6666666666666666,0.19999999999999998,0.41463414634146345,0.19047619047619047,0.39655172413793105,3
0.10256410256410256,0.7625000000000001,0.853658536585366,0.5714285714285714,0.6724137931034482,0
0.23076923076923073,0.75,0.6097560975609757,0.8253968253968256,0.6896551724137929,0
0.4487179487179487,0.3875,0.7804878048780489,0.5873015873015872,0.5862068965517242,2
0.8846153846153846,0.1,0.12195121951219513,0.23809523809523803,0.3793103448275862,3
0.8076923076923076,0.225,0.24390243902439027,0.2063492063492064,0.22413793103448287,3
0.4487179487179487,0.475,0.3658536585365854,0.6031746031746033,0.6551724137931034,2
0.7435897435897435,0.07500000000000001,0.3658536585365854,0.39682539682539675,0.12068965517241381,2
0.2948717948717948,0.7000000000000001,0.878048780487805,0.523809523809524,0.6206896551724137,1
0.34615384615384615,0.4625,0.3170731707317074,0.39682539682539675,0.5172413793103448,1
0.20512820512820512,0.48750000000000004,0.878048780487805,0.5079365079365079,0.603448275862069,1
0.3333333333333333,0.5750000000000001,0.24390243902439027,0.5555555555555554,0.5862068965517242,1
0.6923076923076923,0.2625,0.3170731707317074,0.4444444444444444,0.24137931034482762,3
0.41025641025641024,0.48750000000000004,0.4634146341463415,0.523809523809524,0.24137931034482762,2
0.5641025641025641,0.35000000000000003,0.19512195121951223,0.3492063492063492,0.06896551724137934,2
0.5,0.41250000000000003,0.34146341463414637,0.5714285714285714,0.4655172413793103,1
0.37179487179487175,0.2625,0.5365853658536587,0.46031746031746024,0.5862068965517242,2
0.5897435897435896,0.0875,0.4390243902439025,0.5873015873015872,0.5344827586206897,2
0.2564102564102564,0.5375,0.5853658536585367,0.7777777777777777,0.7068965517241379,1
0.8076923076923076,0.07500000000000001,0.14634146341463417,0.17460317460317465,0.3275862068965517,3
0.3589743589743589,0.30000000000000004,0.5365853658536587,0.6984126984126984,0.6551724137931034,1
0.8205128205128205,0.0875,0.41463414634146345,0.2857142857142858,0.24137931034482762,3
0.47435897435897434,0.3875,0.41463414634146345,0.6349206349206349,0.5862068965517242,2
0.7307692307692307,0.1625,0.34146341463414637,0.3015873015873016,0.3793103448275862,3
0.7948717948717948,0.049999999999999996,0.39024390243902446,0.38095238095238093,0.24137931034482762,2
0.6794871794871794,0.1,0.3170731707317074,0.4126984126984127,0.24137931034482762,3
0.2948717948717948,0.65,0.5853658536585367,0.6190476190476191,0.8103448275862071,0
0.641025641025641,0.475,0.5853658536585367,0.38095238095238093,0.36206896551724144,2
0.5,0.35000000000000003,0.4634146341463415,0.4285714285714285,0.43103448275862055,2
0.9358974358974359,0.0875,0.14634146341463417,0.1587301587301586,0.2068965517241379,3
0.7435897435897435,0.13749999999999998,0.4390243902439025,0.31746031746031733,0.43103448275862055,3
0.8205128205128205,0.07500000000000001,0.09756097560975611,0.17460317460317465,0.15517241379310343,3
0.423076923076923,0.65,0.21951219512195125,0.6507936507936507,0.5862068965517242,1
0.41025641025641024,0.375,0.3170731707317074,0.38095238095238093,0.4137931034482758,2
0.47435897435897434,0.24999999999999997,0.6097560975609757,0.4920634920634921,0.5,2
0.6666666666666666,0.0875,0.5121951219512196,0.4285714285714285,0.24137931034482762,2
0.3589743589743589,0.475,0.6341463414634148,0.8730158730158728,0.6206896551724137,0
0.3205128205128205,0.5875,0.6097560975609757,0.7619047619047619,0.8103448275862071,0
0.20512820512820512,0.6375000000000001,0.48780487804878053,0.7777777777777777,0.603448275862069,0
0.987179487179487,0.125,0.3658536585365854,0.38095238095238093,0.24137931034482762,3
0.2564102564102564,0.475,0.6829268292682927,0.523809523809524,0.5517241379310345,1
0.4871794871794871,0.35000000000000003,0.4634146341463415,0.5555555555555554,0.5862068965517242,1
0.9102564102564101,0.0875,0.29268292682926833,0.17460317460317465,0.10344827586206906,3
0.4358974358974359,0.23750000000000002,0.34146341463414637,0.6031746031746033,0.7586206896551724,2
0.6025641025641025,0.2625,0.3658536585365854,0.5396825396825398,0.3793103448275862,2
0.3589743589743589,0.55,0.34146341463414637,0.6190476190476191,0.9482758620689653,1
0.8076923076923076,0.1875,0.39024390243902446,0.38095238095238093,0.12068965517241381,3
0.7564102564102564,0.049999999999999996,0.19512195121951223,0.3492063492063492,0.06896551724137934,3
0.2948717948717948,0.41250000000000003,0.4634146341463415,0.5079365079365079,0.603448275862069,0
0.23076923076923073,0.6875,0.48780487804878053,0.7619047619047619,0.6896551724137929,0
0.7564102564102564,0.1,0.17073170731707318,0.2222222222222222,0.3275862068965517,3
0.7820512820512819,0.0875,0.24390243902439027,0.38095238095238093,0.08620689655172409,3
0.423076923076923,0.275,0.41463414634146345,0.5714285714285714,0.4137931034482758,2
0.20512820512820512,0.65,0.6585365853658538,0.6190476190476191,0.6896551724137929,1
0.28205128205128205,0.6125,0.5121951219512196,0.857142857142857,0.5517241379310345,0
0.4871794871794871,0.3875,0.3170731707317074,0.5555555555555554,0.603448275862069,1
0.6666666666666666,0.23750000000000002,0.14634146341463417,0.4285714285714285,0.24137931034482762,2
0.9487179487179487,0.0625,0.09756097560975611,0.39682539682539675,0.31034482758620696,3
0.4871794871794871,0.42500000000000004,0.48780487804878053,0.3492063492063492,0.5517241379310345,1
0.846153846153846,0.049999999999999996,0.17073170731707318,0.3015873015873016,0.08620689655172409,3
0.47435897435897434,0.3875,0.3170731707317074,0.5555555555555554,0.5,2
0.34615384615384615,0.3875,0.5609756097560976,0.73015873015873,0.4137931034482758,0
0.5512820512820512,0.2625,0.41463414634146345,0.31746031746031733,0.3793103448275862,2
0.6794871794871794,0.175,0.5121951219512196,0.38095238095238093,0.3275862068965517,3
0.2564102564102564,0.6125,0.7560975609756099,0.6349206349206349,0.7413793103448276,1
0.641025641025641,0.275,0.34146341463414637,0.1428571428571428,0.13793103448275867,3
0.3205128205128205,0.55,0.7073170731707318,0.6031746031746033,0.5344827586206897,1
0.46153846153846145,0.5375,0.5853658536585367,0.5873015873015872,0.4137931034482758,2
0.8076923076923076,0.0875,0.34146341463414637,0.26984126984126977,0.4137931034482758,3
0.4871794871794871,0.36250000000000004,0.39024390243902446,0.33333333333333337,0.4137931034482758,1
0.5897435897435896,0.2125,0.4634146341463415,0.4920634920634921,0.4137931034482758,2
0.23076923076923073,0.6375000000000001,0.4634146341463415,0.5714285714285714,0.7586206896551724,1
0.3589743589743589,0.5,0.5853658536585367,0.7619047619047619,0.4137931034482758,1
0.5,0.275,0.3170731707317074,0.2063492063492064,0.4137931034482758,2
0.846153846153846,0.1,0.19512195121951223,0.23809523809523803,0.3275862068965517,3
0.8333333333333333,0.0875,0.21951219512195125,0.17460317460317465,0.17241379310344818,3
0.8076923076923076,0.0875,0.17073170731707318,0.31746031746031733,0.24137931034482762,3
0.7051282051282051,0.0625,0.17073170731707318,0.3650793650793651,0.06896551724137934,3
0.28205128205128205,0.4625,0.5121951219512196,0.857142857142857,0.7758620689655171,0
0.8076923076923076,0.0875,0.19512195121951223,0.3650793650793651,0.13793103448275867,3
0.6282051282051282,0.1875,0.14634146341463417,0.2063492063492064,0.08620689655172409,3
0.28205128205128205,0.4625,0.5609756097560976,0.6031746031746033,0.8103448275862071,1
0.2564102564102564,0.7000000000000001,0.5121951219512196,0.8095238095238093,0.7758620689655171,0
0.2948717948717948,0.4625,0.5853658536585367,0.73015873015873,0.6379310344827585,1
0.1923076923076923,0.8,0.5853658536585367,0.6825396825396826,0.9310344827586206,0
0.7692307692307692,0.1875,0.17073170731707318,0.33333333333333337,0.3275862068965517,3
0.28205128205128205,0.625,0.5121951219512196,0.8095238095238093,0.6379310344827585,1
0.15384615384615385,0.55,0.5365853658536587,0.7936507936507935,0.8620689655172413,0
0.39743589743589736,0.5375,0.39024390243902446,0.39682539682539675,0.4482758620689655,1
0.8333333333333333,0.0875,0.26829268292682934,0.2222222222222222,0.13793103448275867,3
0.39743589743589736,0.36250000000000004,0.26829268292682934,0.5396825396825398,0.5344827586206897,1
0.3333333333333333,0.625,0.5853658536585367,0.7936507936507935,0.8620689655172413,1
0.5,0.4375,0.41463414634146345,0.4126984126984127,0.5517241379310345,1
0.7435897435897435,0.19999999999999998,0.3658536585365854,0.39682539682539675,0.24137931034482762,3
0.2692307692307692,0.3875,0.5365853658536587,0.8253968253968256,0.8275862068965518,1
0.46153846153846145,0.275,0.4390243902439025,0.5873015873015872,0.5862068965517242,2
0.34615384615384615,0.45,0.48780487804878053,0.746031746031746,0.5862068965517242,0
0.3589743589743589,0.7125,0.6585365853658538,0.8253968253968256,0.9137931034482758,0
0.6923076923076923,0.0875,0.3170731707317074,0.3015873015873016,0.39655172413793105,3
0.5897435897435896,0.3375,0.39024390243902446,0.4285714285714285,0.4482758620689655,2
0.8589743589743589,0.1,0.26829268292682934,0.4126984126984127,0.17241379310344818,3
0.20512820512820512,0.9,0.8048780487804879,0.6031746031746033,0.8103448275862071,1
0.7435897435897435,0.24999999999999997,0.5121951219512196,0.19047619047619047,0.10344827586206906,3
0.6923076923076923,0.0875,0.3170731707317074,0.3015873015873016,0.13793103448275867,3
0.8589743589743589,0.125,0.48780487804878053,0.23809523809523803,0.10344827586206906,3
0.5,0.41250000000000003,0.24390243902439027,0.4444444444444444,0.24137931034482762,2
0.5769230769230769,0.225,0.5365853658536587,0.1587301587301586,0.2586206896551724,3
0.5384615384615384,0.1875,0.48780487804878053,0.4920634920634921,0.5172413793103448,2
0.7948717948717948,0.07500000000000001,0.17073170731707318,0.25396825396825395,0.24137931034482762,3
0.28205128205128205,0.525,0.7073170731707318,0.4920634920634921,0.6206896551724137,1
0.5128205128205128,0.049999999999999996,0.5121951219512196,0.4285714285714285,0.36206896551724144,2
0.34615384615384615,0.4375,0.5853658536585367,0.7142857142857142,0.6379310344827585,2
0.6666666666666666,0.225,0.24390243902439027,0.2063492063492064,0.24137931034482762,3
0.423076923076923,0.48750000000000004,0.4634146341463415,0.47619047619047605,0.5344827586206897,1
0.9230769230769229,0.0875,0.41463414634146345,0.1428571428571428,0.34482758620689646,3
0.6666666666666666,0.1,0.48780487804878053,0.23809523809523803,0.2068965517241379,3
0.3589743589743589,0.55,0.29268292682926833,0.6031746031746033,0.603448275862069,1
0.641025641025641,0.2625,0.29268292682926833,0.3015873015873016,0.24137931034482762,3
0.5128205128205128,0.225,0.4390243902439025,0.38095238095238093,0.43103448275862055,2
0.30769230769230765,0.3875,0.8292682926829269,0.7619047619047619,0.8103448275862071,1
0.5,0.11249999999999999,0.4390243902439025,0.6190476190476191,0.5344827586206897,1
0.3589743589743589,0.5750000000000001,0.41463414634146345,0.5714285714285714,0.7758620689655171,1
0.34615384615384615,0.48750000000000004,0.4390243902439025,0.4444444444444444,0.36206896551724144,1
0.4487179487179487,0.4,0.5853658536585367,0.6507936507936507,0.4137931034482758,2
0.34615384615384615,0.5875,0.4634146341463415,0.4126984126984127,0.5862068965517242,2
0.9230769230769229,0.0875,0.21951219512195125,0.3492063492063492,0.17241379310344818,3
0.5769230769230769,0.4,0.6097560975609757,0.4126984126984127,0.48275862068965525,2
0.41025641025641024,0.525,0.6341463414634148,0.6190476190476191,0.7586206896551724,1
0.5897435897435896,0.4,0.6829268292682927,0.5873015873015872,0.5689655172413794,2
0.2948717948717948,0.675,0.8292682926829269,0.857142857142857,0.7413793103448276,1
0.47435897435897434,0.36250000000000004,0.5853658536585367,0.4920634920634921,0.17241379310344818,2
0.39743589743589736,0.5875,0.6585365853658538,0.6666666666666665,0.896551724137931,2
0.23076923076923073,0.5875,0.48780487804878053,0.5714285714285714,0.7586206896551724,0
0.8717948717948717,0.0875,0.24390243902439027,0.33333333333333337,0.39655172413793105,3
0.28205128205128205,0.4,0.5609756097560976,0.6666666666666665,0.8448275862068966,0
0.34615384615384615,0.725,0.6585365853658538,0.8412698412698414,0.6724137931034482,1
0.9358974358974359,0.1,0.3170731707317074,0.23809523809523803,0.10344827586206906,3
0.3846153846153846,0.24999999999999997,0.4390243902439025,0.73015873015873,0.6206896551724137,1
0.6923076923076923,0.1,0.5365853658536587,0.3492063492063492,0.3275862068965517,2
0.5641025641025641,0.3375,0.48780487804878053,0.46031746031746024,0.36206896551724144,2
0.17948717948717946,0.725,0.7073170731707318,0.6666666666666665,0.896551724137931,1
0.10256410256410256,0.75,0.5609756097560976,0.8095238095238093,0.6724137931034482,0
0.8589743589743589,0.15,0.07317073170731708,0.2222222222222222,0.15517241379310343,3
0.0641025641025641,0.675,0.34146341463414637,0.5714285714285714,0.6896551724137929,0
0.3846153846153846,0.5,0.4390243902439025,0.6984126984126984,0.7586206896551724,1
0.9102564102564101,0.0875,0.17073170731707318,0.3650793650793651,0.39655172413793105,3
0.28205128205128205,0.675,0.5609756097560976,0.6507936507936507,0.6206896551724137,0
0.5641025641025641,0.0875,0.3170731707317074,0.47619047619047605,0.4655172413793103,2
0.1282051282051282,0.7375,0.48780487804878053,0.6031746031746033,0.896551724137931,1
0.4358974358974359,0.4,0.7804878048780489,0.4126984126984127,0.4482758620689655,1
0.5384615384615384,0.2125,0.3658536585365854,0.4285714285714285,0.3793103448275862,2
0.5384615384615384,0.375,0.48780487804878053,0.46031746031746024,0.5,2
0.2692307692307692,0.55,0.6097560975609757,0.5555555555555554,0.5862068965517242,1
0.28205128205128205,0.625,0.7073170731707318,0.6666666666666665,0.603448275862069,1
0.46153846153846145,0.36250000000000004,0.5121951219512196,0.3650793650793651,0.39655172413793105,1
0.4487179487179487,0.3375,0.4634146341463415,0.3650793650793651,0.4137931034482758,2
0.8717948717948717,0.1,0.41463414634146345,0.2857142857142858,0.34482758620689646,3
0.6538461538461537,0.15,0.41463414634146345,0.2222222222222222,0.22413793103448287,3
0.47435897435897434,0.275,0.5121951219512196,0.5873015873015872,0.5862068965517242,2
0.7051282051282051,0.125,0.21951219512195125,0.2857142857142858,0.24137931034482762,3
0.4358974358974359,0.4375,0.5365853658536587,0.5714285714285714,0.27586206896551724,1
0.8333333333333333,0.049999999999999996,0.26829268292682934,0.17460317460317465,0.34482758620689646,3
0.10256410256410256,0.725,0.5121951219512196,0.857142857142857,0.7931034482758619,0
0.7051282051282051,0.375,0.3658536585365854,0.31746031746031733,0.22413793103448287,3
0.7564102564102564,0.11249999999999999,0.29268292682926833,0.3650793650793651,0.24137931034482762,3
0.6923076923076923,0.19999999999999998,0.39024390243902446,0.26984126984126977,0.22413793103448287,3
0.9358974358974359,0.0875,0.34146341463414637,0.23809523809523803,0.3793103448275862,3
0.6923076923076923,0.125,0.4634146341463415,0.3650793650793651,0.24137931034482762,2
0.6666666666666666,0.225,0.34146341463414637,0.33333333333333337,0.5344827586206897,2
0.8974358974358974,0.0875,0.21951219512195125,0.1428571428571428,0.31034482758620696,3
0.28205128205128205,0.7375,0.5365853658536587,0.7936507936507935,0.7241379310344827,0
0.4487179487179487,0.5750000000000001,0.4390243902439025,0.5873015873015872,0.5862068965517242,2
0.21794871794871795,0.75,0.41463414634146345,0.5555555555555554,0.7586206896551724,1
0.7948717948717948,0.0625,0.4390243902439025,0.3492063492063492,0.17241379310344818,3
0.5384615384615384,0.375,0.48780487804878053,0.4285714285714285,0.5689655172413794,3
0.3846153846153846,0.4375,0.6097560975609757,0.6349206349206349,0.8620689655172413,1
0.16666666666666663,0.6,0.7560975609756099,0.9365079365079365,0.7931034482758619,0
0.28205128205128205,0.41250000000000003,0.5365853658536587,0.7936507936507935,0.96551724137931,0
0.5897435897435896,0.19999999999999998,0.3658536585365854,0.23809523809523803,0.3793103448275862,2
0.4358974358974359,0.2625,0.5121951219512196,0.5555555555555554,0.6206896551724137,1
0.41025641025641024,0.225,0.5609756097560976,0.8412698412698414,0.5862068965517242,1
0.3846153846153846,0.325,0.48780487804878053,0.7142857142857142,0.5862068965517242,0
0.1282051282051282,0.525,0.6097560975609757,0.6825396825396826,0.5862068965517242,0
0.7564102564102564,0.1875,0.19512195121951223,0.25396825396825395,0.06896551724137934,3
0.6794871794871794,0.1,0.24390243902439027,0.47619047619047605,0.3275862068965517,3
0.6794871794871794,0.0875,0.24390243902439027,0.33333333333333337,0.39655172413793105,3
0.6153846153846153,0.15,0.24390243902439027,0.6349206349206349,0.5517241379310345,2
0.37179487179487175,0.5375,0.24390243902439027,0.5714285714285714,0.5344827586206897,1
0.6025641025641025,0.19999999999999998,0.39024390243902446,0.4444444444444444,0.4137931034482758,2
0.7051282051282051,0.1625,0.5365853658536587,0.23809523809523803,0.293103448275862,3
0.6666666666666666,0.2125,0.34146341463414637,0.3492063492063492,0.6379310344827585,2
0.15384615384615385,0.725,0.6829268292682927,0.9682539682539681,0.7413793103448276,0
0.07692307692307693,0.75,0.7560975609756099,0.7619047619047619,0.8275862068965518,0
0.4871794871794871,0.28750000000000003,0.6341463414634148,0.6666666666666665,0.5517241379310345,2
0.46153846153846145,0.30000000000000004,0.34146341463414637,0.5555555555555554,0.6206896551724137,2
0.6282051282051282,0.15,0.26829268292682934,0.38095238095238093,0.5344827586206897,3
0.8589743589743589,0.0375,0.24390243902439027,0.31746031746031733,0.2068965517241379,3
0.4487179487179487,0.3125,0.4390243902439025,0.47619047619047605,0.603448275862069,2
0.15384615384615385,0.7000000000000001,0.5609756097560976,0.746031746031746,0.6551724137931034,1
0.41025641025641024,0.45,0.39024390243902446,0.6031746031746033,0.6206896551724137,2
0.5,0.30000000000000004,0.5853658536585367,0.6031746031746033,0.5689655172413794,1
0.423076923076923,0.625,0.5365853658536587,0.6825396825396826,0.4137931034482758,1
0.6666666666666666,0.0875,0.4390243902439025,0.4285714285714285,0.24137931034482762,3
0.5128205128205128,0.1875,0.41463414634146345,0.5714285714285714,0.39655172413793105,2
0.7307692307692307,0.19999999999999998,0.5121951219512196,0.4126984126984127,0.2586206896551724,3
0.8205128205128205,0.0625,0.3658536585365854,0.1587301587301586,0.39655172413793105,3
0.6794871794871794,0.1875,0.12195121951219513,0.4126984126984127,0.24137931034482762,3
0.6153846153846153,0.2125,0.09756097560975611,0.26984126984126977,0.34482758620689646,3
0.641025641025641,0.2625,0.34146341463414637,0.26984126984126977,0.34482758620689646,3
0.3205128205128205,0.30000000000000004,0.6585365853658538,0.7777777777777777,0.5862068965517242,1
0.6538461538461537,0.11249999999999999,0.41463414634146345,0.23809523809523803,0.293103448275862,3
0.6538461538461537,0.125,0.3170731707317074,0.4444444444444444,0.24137931034482762,2
0.15384615384615385,0.5,0.26829268292682934,0.5714285714285714,0.5862068965517242,0
0.641025641025641,0.28750000000000003,0.34146341463414637,0.4126984126984127,0.2586206896551724,3
0.6923076923076923,0.41250000000000003,0.4390243902439025,0.3492063492063492,0.36206896551724144,3
0.423076923076923,0.15,0.7804878048780489,0.4126984126984127,0.43103448275862055,2
0.5384615384615384,0.24999999999999997,0.5121951219512196,0.3015873015873016,0.39655172413793105,2
0.6025641025641025,0.125,0.4634146341463415,0.25396825396825395,0.27586206896551724,3
0.47435897435897434,0.1625,0.48780487804878053,0.5079365079365079,0.39655172413793105,2
0.025641025641025633,0.7625000000000001,0.7804878048780489,0.6984126984126984,0.7931034482758619,0
0.8974358974358974,0.0875,0.24390243902439027,0.31746031746031733,0.22413793103448287,3
0.6025641025641025,0.325,0.17073170731707318,0.5079365079365079,0.5172413793103448,2
0.37179487179487175,0.55,0.5609756097560976,0.523809523809524,0.5172413793103448,1
0.7948717948717948,0.3875,0.19512195121951223,0.25396825396825395,0.24137931034482762,3
0.6666666666666666,0.1,0.3170731707317074,0.31746031746031733,0.13793103448275867,3
0.41025641025641024,0.45,0.34146341463414637,0.6349206349206349,0.5862068965517242,1
0.8717948717948717,0.0875,0.26829268292682934,0.2063492063492064,0.3793103448275862,3
0.6923076923076923,0.13749999999999998,0.48780487804878053,0.3650793650793651,0.34482758620689646,2
0.5641025641025641,0.30000000000000004,0.3658536585365854,0.46031746031746024,0.5172413793103448,3
0.9102564102564101,0.0875,0.07317073170731708,0.23809523809523803,0.2586206896551724,3
0.3846153846153846,0.30000000000000004,0.41463414634146345,0.6190476190476191,0.5862068965517242,1
0.6025641025641025,0.30000000000000004,0.3658536585365854,0.47619047619047605,0.48275862068965525,3
0.7051282051282051,0.15,0.14634146341463417,0.26984126984126977,0.2068965517241379,3
0.37179487179487175,0.4625,0.3658536585365854,0.4920634920634921,0.4137931034482758,2
0.8333333333333333,0.0625,0.17073170731707318,0.23809523809523803,0.10344827586206906,3
0.08974358974358973,0.7875,0.5853658536585367,0.5873015873015872,0.8103448275862071,0
0.23076923076923073,0.5750000000000001,0.5121951219512196,0.6507936507936507,0.7758620689655171,1
0.7948717948717948,0.0875,0.29268292682926833,0.3015873015873016,0.3793103448275862,3
0.5,0.2625,0.39024390243902446,0.5873015873015872,0.4137931034482758,2
0.8589743589743589,0.13749999999999998,0.04878048780487806,0.2222222222222222,0.17241379310344818,3
0.7948717948717948,0.0875,0.07317073170731708,0.3015873015873016,0.3793103448275862,3
0.16666666666666663,0.775,0.5853658536585367,0.8253968253968256,0.9310344827586206,0
0.4871794871794871,0.41250000000000003,0.41463414634146345,0.6507936507936507,0.5172413793103448,2
0.4358974358974359,0.4375,0.5121951219512196,0.5714285714285714,0.293103448275862,2
0.7692307692307692,0.13749999999999998,0.21951219512195125,0.3015873015873016,0.13793103448275867,3
0.5128205128205128,0.42500000000000004,0.4390243902439025,0.2222222222222222,0.4137931034482758,2
0.5256410256410255,0.2625,0.34146341463414637,0.47619047619047605,0.36206896551724144,2
0.8076923076923076,0.0875,0.4634146341463415,0.19047619047619047,0.36206896551724144,3
0.3205128205128205,0.475,0.48780487804878053,0.8412698412698414,0.7413793103448276,0
0.6666666666666666,0.28750000000000003,0.26829268292682934,0.4285714285714285,0.24137931034482762,2
0.6153846153846153,0.2125,0.09756097560975611,0.5396825396825398,0.48275862068965525,2
0.46153846153846145,0.2125,0.5853658536585367,0.38095238095238093,0.22413793103448287,1
0.47435897435897434,0.35000000000000003,0.4390243902439025,0.6190476190476191,0.5689655172413794,1
0.7820512820512819,0.0625,0.17073170731707318,0.19047619047619047,0.08620689655172409,3
0.641025641025641,0.0875,0.6585365853658538,0.2222222222222222,0.3275862068965517,2
0.6923076923076923,0.1625,0.5365853658536587,0.39682539682539675,0.2068965517241379,2
0.6282051282051282,0.125,0.41463414634146345,0.3015873015873016,0.15517241379310343,2
0.1282051282051282,0.525,0.6829268292682927,0.7619047619047619,0.9137931034482758,0
0.24358974358974356,0.7000000000000001,0.6585365853658538,0.5873015873015872,0.8448275862068966,1
0.7179487179487178,0.13749999999999998,0.39024390243902446,0.25396825396825395,0.08620689655172409,2
0.41025641025641024,0.4,0.26829268292682934,0.5079365079365079,0.5,1
0.34615384615384615,0.275,0.6341463414634148,0.7619047619047619,0.7931034482758619,1
0.7948717948717948,0.0875,0.24390243902439027,0.3650793650793651,0.39655172413793105,3
0.7692307692307692,0.0875,0.29268292682926833,0.3650793650793651,0.08620689655172409,2
0.30769230769230765,0.5875,0.7560975609756099,0.5555555555555554,0.8103448275862071,1
0.5,0.4,0.5609756097560976,0.5714285714285714,0.43103448275862055,2
0.8846153846153846,0.07500000000000001,0.19512195121951223,0.19047619047619047,0.051724137931034475,3
0.641025641025641,0.275,0.21951219512195125,0.2063492063492064,0.10344827586206906,3
0.37179487179487175,0.5375,0.29268292682926833,0.38095238095238093,0.5344827586206897,1
0.3205128205128205,0.475,0.5365853658536587,0.7936507936507935,0.6206896551724137,1
0.8717948717948717,0.0875,0.3170731707317074,0.2222222222222222,0.36206896551724144,3
0.6025641025641025,0.23750000000000002,0.4634146341463415,0.25396825396825395,0.36206896551724144,2
0.6538461538461537,0.225,0.21951219512195125,0.4444444444444444,0.24137931034482762,3
0.21794871794871795,0.6,0.4390243902439025,0.5714285714285714,0.7586206896551724,1
0.641025641025641,0.15,0.5121951219512196,0.47619047619047605,0.43103448275862055,2
0.3846153846153846,0.65,0.4390243902439025,0.6984126984126984,0.5862068965517242,1
0.846153846153846,0.0875,0.3170731707317074,0.33333333333333337,0.17241379310344818,3
0.28205128205128205,0.5,0.48780487804878053,0.7936507936507935,0.6724137931034482,0
0.8076923076923076,0.13749999999999998,0.34146341463414637,0.2222222222222222,0.24137931034482762,3
0.2692307692307692,0.42500000000000004,0.41463414634146345,0.8253968253968256,0.7586206896551724,1
0.46153846153846145,0.3375,0.4390243902439025,0.46031746031746024,0.5344827586206897,1
0.3589743589743589,0.23750000000000002,0.6341463414634148,0.746031746031746,0.7241379310344827,1
0.5128205128205128,0.325,0.6585365853658538,0.3015873015873016,0.3793103448275862,2
0.7564102564102564,0.275,0.4390243902439025,0.26984126984126977,0.2586206896551724,3
0.7820512820512819,0.1,0.19512195121951223,0.3650793650793651,0.2068965517241379,3
0.5769230769230769,0.1,0.29268292682926833,0.4920634920634921,0.4137931034482758,2
0.6923076923076923,0.0375,0.34146341463414637,0.47619047619047605,0.24137931034482762,2
0.23076923076923073,0.4625,0.5365853658536587,0.5714285714285714,0.7068965517241379,1
0.2948717948717948,0.42500000000000004,0.29268292682926833,0.8412698412698414,0.603448275862069,0
0.23076923076923073,0.6375000000000001,0.5365853658536587,0.7777777777777777,0.8793103448275861,1
0.46153846153846145,0.6125,0.41463414634146345,0.5714285714285714,0.4137931034482758,2
0.6153846153846153,0.23750000000000002,0.48780487804878053,0.2063492063492064,0.24137931034482762,2
0.11538461538461536,0.8250000000000001,0.5365853658536587,0.5714285714285714,0.7758620689655171,1
0.423076923076923,0.525,0.48780487804878053,0.6190476190476191,0.4137931034482758,1
0.3333333333333333,0.5,0.41463414634146345,0.6666666666666665,0.8103448275862071,1
0.6666666666666666,0.24999999999999997,0.5365853658536587,0.3650793650793651,0.18965517241379315,2
0.641025641025641,0.2125,0.6585365853658538,0.46031746031746024,0.4482758620689655,3
0.46153846153846145,0.375,0.6829268292682927,0.6349206349206349,0.5862068965517242,1
0.47435897435897434,0.275,0.4634146341463415,0.5714285714285714,0.5862068965517242,1
0.5128205128205128,0.4625,0.5365853658536587,0.5714285714285714,0.48275862068965525,2
0.46153846153846145,0.4625,0.39024390243902446,0.746031746031746,0.5517241379310345,1
0.8846153846153846,0.07500000000000001,0.41463414634146345,0.3492063492063492,0.18965517241379315,3
0.46153846153846145,0.30000000000000004,0.6341463414634148,0.5555555555555554,0.5517241379310345,2
0.641025641025641,0.2125,0.48780487804878053,0.4444444444444444,0.2586206896551724,3
0.6923076923076923,0.4,0.34146341463414637,0.4126984126984127,0.24137931034482762,2
0.1282051282051282,0.8875000000000001,0.6341463414634148,0.6190476190476191,0.8448275862068966,0
0.46153846153846145,0.42500000000000004,0.4390243902439025,0.39682539682539675,0.5172413793103448,2
0.6923076923076923,0.2625,0.4390243902439025,0.33333333333333337,0.2068965517241379,2
0.4487179487179487,0.225,0.4634146341463415,0.38095238095238093,0.4655172413793103,2
0.6794871794871794,0.30000000000000004,0.19512195121951223,0.4126984126984127,0.24137931034482762,2
0.5641025641025641,0.2125,0.48780487804878053,0.33333333333333337,0.24137931034482762,2
0.8589743589743589,0.0875,0.17073170731707318,0.1428571428571428,0.2068965517241379,3
0.6794871794871794,0.15,0.41463414634146345,0.4126984126984127,0.24137931034482762,2
0.5512820512820512,0.45,0.3170731707317074,0.5079365079365079,0.4137931034482758,2
0.7692307692307692,0.0875,0.41463414634146345,0.3492063492063492,0.24137931034482762,3
0.423076923076923,0.5750000000000001,0.39024390243902446,0.4126984126984127,0.39655172413793105,1
0.7179487179487178,0.1,0.48780487804878053,0.25396825396825395,0.27586206896551724,3
0.34615384615384615,0.55,0.5365853658536587,0.746031746031746,0.603448275862069,1
0.4358974358974359,0.4,0.5609756097560976,0.46031746031746024,0.5,1
0.16666666666666663,0.6,0.7073170731707318,0.9365079365079365,0.7586206896551724,0
0.1923076923076923,0.65,0.5121951219512196,0.5873015873015872,0.8103448275862071,0
0.30769230769230765,0.6125,0.5365853658536587,0.7619047619047619,0.7758620689655171,1
0.30769230769230765,0.7000000000000001,0.6585365853658538,0.5396825396825398,0.6379310344827585,0
0.6538461538461537,0.2625,0.14634146341463417,0.4444444444444444,0.2068965517241379,2
0.7564102564102564,0.175,0.19512195121951223,0.2222222222222222,0.34482758620689646,3
0.15384615384615385,0.6875,0.5121951219512196,0.6031746031746033,0.7586206896551724,0
0.46153846153846145,0.42500000000000004,0.29268292682926833,0.8888888888888886,0.6206896551724137,1
0.21794871794871795,0.65,0.5853658536585367,0.6031746031746033,0.7241379310344827,1
0.6538461538461537,0.19999999999999998,0.34146341463414637,0.5714285714285714,0.24137931034482762,2
0.28205128205128205,0.8,0.48780487804878053,0.6031746031746033,0.5689655172413794,1
0.5128205128205128,0.45,0.41463414634146345,0.5555555555555554,0.22413793103448287,2
0.8589743589743589,0.0875,0.4390243902439025,0.33333333333333337,0.17241379310344818,2
0.6153846153846153,0.23750000000000002,0.5853658536585367,0.26984126984126977,0.15517241379310343,3
0.7435897435897435,0.0875,0.21951219512195125,0.2857142857142858,0.4655172413793103,3
0.5384615384615384,0.375,0.5365853658536587,0.5396825396825398,0.5517241379310345,2
0.5,0.4625,0.48780487804878053,0.6825396825396826,0.5689655172413794,1
0.4487179487179487,0.4375,0.4634146341463415,0.6031746031746033,0.5517241379310345,2
0.5897435897435896,0.2125,0.3658536585365854,0.19047619047619047,0.39655172413793105,3
0.39743589743589736,0.3875,0.5853658536585367,0.5396825396825398,0.5172413793103448,2
0.6282051282051282,0.049999999999999996,0.3170731707317074,0.33333333333333337,0.34482758620689646,3
0.5641025641025641,0.36250000000000004,0.17073170731707318,0.523809523809524,0.4137931034482758,2
0.5897435897435896,0.24999999999999997,0.02439024390243903,0.5873015873015872,0.43103448275862055,2
0.21794871794871795,0.65,0.48780487804878053,0.6984126984126984,0.6896551724137929,1
0.7307692307692307,0.13749999999999998,0.26829268292682934,0.1587301587301586,0.15517241379310343,3
0.3589743589743589,0.5625,0.5609756097560976,0.7619047619047619,0.4137931034482758,1
0.9358974358974359,0.0875,0.29268292682926833,0.4285714285714285,0.27586206896551724,3
0.8333333333333333,0.0875,0.48780487804878053,0.1428571428571428,0.293103448275862,3
0.2692307692307692,0.28750000000000003,0.5365853658536587,0.857142857142857,0.5862068965517242,0
0.7051282051282051,0.0875,0.26829268292682934,0.33333333333333337,0.08620689655172409,2
0.6153846153846153,0.11249999999999999,0.3658536585365854,0.46031746031746024,0.3793103448275862,2
0.3333333333333333,0.5625,0.7317073170731708,0.73015873015873,0.5344827586206897,1
0.3205128205128205,0.5,0.4634146341463415,0.6190476190476191,0.9310344827586206,2
0.28205128205128205,0.6,0.41463414634146345,0.6666666666666665,0.8448275862068966,1
0.23076923076923073,0.6,0.7073170731707318,0.6349206349206349,0.7241379310344827,1
0.46153846153846145,0.3875,0.34146341463414637,0.6190476190476191,0.5172413793103448,1
0.2692307692307692,0.7000000000000001,0.5609756097560976,0.6984126984126984,0.7241379310344827,1
0.5769230769230769,0.275,0.6341463414634148,0.2857142857142858,0.24137931034482762,2
0.4487179487179487,0.48750000000000004,0.6097560975609757,0.4126984126984127,0.48275862068965525,2
0.4871794871794871,0.35000000000000003,0.39024390243902446,0.5396825396825398,0.43103448275862055,2
0.1282051282051282,0.85,0.7317073170731708,0.6666666666666665,0.7586206896551724,0
0.41025641025641024,0.7125,0.34146341463414637,0.6666666666666665,0.5862068965517242,2
0.39743589743589736,0.3875,0.7804878048780489,0.523809523809524,0.5344827586206897,2
0.9487179487179487,0.07500000000000001,0.21951219512195125,0.38095238095238093,0.39655172413793105,3
0.7179487179487178,0.13749999999999998,0.3170731707317074,0.3015873015873016,0.22413793103448287,3
0.423076923076923,0.3875,0.5853658536585367,0.4126984126984127,0.48275862068965525,2
0.11538461538461536,0.7375,0.5365853658536587,0.6507936507936507,0.7241379310344827,0
0.5128205128205128,0.19999999999999998,0.3170731707317074,0.2222222222222222,0.4137931034482758,2
0.34615384615384615,0.30000000000000004,0.5121951219512196,0.73015873015873,0.5517241379310345,0
0.30769230769230765,0.55,0.39024390243902446,0.7936507936507935,0.6896551724137929,0
0.8846153846153846,0.07500000000000001,0.09756097560975611,0.25396825396825395,0.293103448275862,3
0.6666666666666666,0.0875,0.34146341463414637,0.4285714285714285,0.4137931034482758,3
0.423076923076923,0.3875,0.7073170731707318,0.7619047619047619,0.5344827586206897,1
0.41025641025641024,0.48750000000000004,0.6585365853658538,0.3650793650793651,0.43103448275862055,1
0.2948717948717948,0.5,0.5365853658536587,0.47619047619047605,0.5517241379310345,3
0.1923076923076923,0.6625,0.5121951219512196,0.5873015873015872,0.7586206896551724,1
0.6923076923076923,0.1,0.26829268292682934,0.4285714285714285,0.24137931034482762,3
0.37179487179487175,0.19999999999999998,0.5121951219512196,0.73015873015873,0.6206896551724137,1
0.6923076923076923,0.15,0.5121951219512196,0.4285714285714285,0.24137931034482762,3
0.8717948717948717,0.0875,0.21951219512195125,0.1428571428571428,0.24137931034482762,3
0.7179487179487178,0.07500000000000001,0.5121951219512196,0.2222222222222222,0.27586206896551724,3
0.6282051282051282,0.125,0.26829268292682934,0.3650793650793651,0.22413793103448287,3
0.8076923076923076,0.24999999999999997,0.3170731707317074,0.2063492063492064,0.43103448275862055,3
0.9230769230769229,0.125,0.3658536585365854,0.2063492063492064,0.34482758620689646,3
0.34615384615384615,0.4,0.5121951219512196,0.7142857142857142,0.7413793103448276,1
0.2564102564102564,0.675,0.5853658536585367,0.857142857142857,0.5862068965517242,0
0.6666666666666666,0.275,0.39024390243902446,0.39682539682539675,0.24137931034482762,2
0.7948717948717948,0.19999999999999998,0.34146341463414637,0.17460317460317465,0.10344827586206906,3
0.423076923076923,0.42500000000000004,0.6097560975609757,0.39682539682539675,0.48275862068965525,2
0.41025641025641024,0.41250000000000003,0.6097560975609757,0.746031746031746,0.5862068965517242,1
0.39743589743589736,0.45,0.5365853658536587,0.39682539682539675,0.4137931034482758,1
0.6282051282051282,0.15,0.5853658536585367,0.38095238095238093,0.3275862068965517,2
0.2564102564102564,0.5125000000000001,0.6585365853658538,0.8253968253968256,0.6724137931034482,0
0.2948717948717948,0.5125000000000001,0.3658536585365854,0.5714285714285714,0.6379310344827585,1
0.39743589743589736,0.525,0.24390243902439027,0.6984126984126984,0.6379310344827585,0
0.37179487179487175,0.42500000000000004,0.4390243902439025,0.6666666666666665,0.9137931034482758,0
0.4358974358974359,0.475,0.4390243902439025,0.39682539682539675,0.5,1
0.3333333333333333,0.5375,0.7560975609756099,0.7777777777777777,0.7413793103448276,0
0.30769230769230765,0.4625,0.39024390243902446,0.6190476190476191,0.896551724137931,1
0.6666666666666666,0.0625,0.19512195121951223,0.31746031746031733,0.13793103448275867,2
0.7692307692307692,0.0875,0.4634146341463415,0.3492063492063492,0.24137931034482762,3
0.423076923076923,0.23750000000000002,0.4634146341463415,0.6507936507936507,0.5862068965517242,1
0.7435897435897435,0.0875,0.39024390243902446,0.38095238095238093,0.24137931034482762,2
0.37179487179487175,0.45,0.6097560975609757,0.8095238095238093,0.39655172413793105,1
0.6923076923076923,0.0875,0.4634146341463415,0.23809523809523803,0.39655172413793105,3
0.46153846153846145,0.275,0.41463414634146345,0.5714285714285714,0.603448275862069,2
0.2564102564102564,0.7625000000000001,0.6341463414634148,0.8412698412698414,0.603448275862069,0
0.1282051282051282,0.7375,0.6829268292682927,0.6666666666666665,0.7586206896551724,0
0.28205128205128205,0.6375000000000001,0.4390243902439025,0.857142857142857,0.8103448275862071,0
0.7435897435897435,0.1625,0.17073170731707318,0.3015873015873016,0.10344827586206906,3
0.6538461538461537,0.2625,0.3658536585365854,0.1428571428571428,0.4137931034482758,3
0.5512820512820512,0.375,0.6341463414634148,0.25396825396825395,0.39655172413793105,3
0.3589743589743589,0.5625,0.5365853658536587,0.47619047619047605,0.5862068965517242,2
0.34615384615384615,0.6125,0.3170731707317074,0.8095238095238093,0.8620689655172413,0
0.423076923076923,0.35000000000000003,0.5365853658536587,0.5873015873015872,0.603448275862069,2
0.37179487179487175,0.3875,0.5365853658536587,0.73015873015873,0.6206896551724137,2
0.641025641025641,0.35000000000000003,0.24390243902439027,0.3015873015873016,0.22413793103448287,3
0.41025641025641024,0.3875,0.39024390243902446,0.5079365079365079,0.39655172413793105,2
0.5897435897435896,0.2125,0.6341463414634148,0.4285714285714285,0.39655172413793105,2
0.46153846153846145,0.2125,0.29268292682926833,0.5396825396825398,0.24137931034482762,1
0.3846153846153846,0.525,0.6097560975609757,0.5714285714285714,0.5862068965517242,1
0.7564102564102564,0.07500000000000001,0.3658536585365854,0.25396825396825395,0.15517241379310343,3
0.7179487179487178,0.0875,0.4390243902439025,0.31746031746031733,0.24137931034482762,2
0.5769230769230769,0.225,0.3170731707317074,0.5079365079365079,0.4137931034482758,2
0.8974358974358974,0.11249999999999999,0.24390243902439027,0.2063492063492064,0.06896551724137934,3
0.17948717948717946,0.55,0.6829268292682927,0.7142857142857142,0.8448275862068966,0
0.6538461538461537,0.11249999999999999,0.6341463414634148,0.4285714285714285,0.3793103448275862,3
0.37179487179487175,0.41250000000000003,0.34146341463414637,0.6666666666666665,0.22413793103448287,1
0.3846153846153846,0.35000000000000003,0.7317073170731708,0.6349206349206349,0.5862068965517242,1
0.8205128205128205,0.19999999999999998,0.21951219512195125,0.3492063492063492,0.18965517241379315,3
0.423076923076923,0.4375,0.5121951219512196,0.6666666666666665,0.4655172413793103,2
0.6923076923076923,0.07500000000000001,0.17073170731707318,0.3015873015873016,0.3275862068965517,3
0.7948717948717948,0.0875,0.21951219512195125,0.3650793650793651,0.39655172413793105,3
